age,gpa,month_born
28,85,8
55,78,5
53,79,5
43,78,10
29,77,1
44,86,9
63,73,9
52,83,8
63,66,9
46,82,9
32,84,12
51,81,8
67,65,2
41,69,10
35,93,7
45,100,1
36,70,12
57,75,10
24,88,6
57,94,3
34,88,9
62,82,12
36,90,6
53,72,3
65,88,4
26,91,1
41,87,5
57,83,10
27,90,5
67,79,4
45,92,7
59,100,11
27,100,12
51,97,12
68,100,12
29,93,3
33,89,1
69,74,8
42,77,4
45,65,1
64,73,11
63,89,2
34,78,7
52,75,4
30,66,2
47,72,12
66,87,7
52,96,12
29,67,12
46,88,6
55,79,10
48,84,11
33,97,5
70,66,1
39,91,2
55,77,12
33,74,6
70,78,5
38,77,5
53,98,4
65,81,8
66,66,3
40,71,6
23,89,3
35,75,10
44,97,9
38,95,4
29,74,5
66,90,4
56,79,11
57,79,5
51,91,6
48,77,12
62,96,12
51,90,11
40,80,3
67,65,10
69,72,3
28,88,3
60,72,10
22,86,7
30,83,3
67,80,12
20,91,3
54,76,3
37,84,9
41,90,3
45,82,7
54,96,4
25,72,4
32,80,7
42,70,3
65,65,2
56,76,9
60,88,1
45,94,2
53,68,7
53,82,1
52,84,6
26,85,4
60,93,7
22,82,8
56,92,4
59,68,11
31,83,9
52,99,7
46,99,7
51,68,10
52,65,5
48,99,1
45,73,8
56,66,9
36,90,6
67,96,7
27,76,4
66,76,3
29,65,12
64,98,2
28,98,11
54,92,1
62,98,2
39,85,7
33,67,9
50,69,4
52,89,12
44,66,8
32,90,1
21,69,6
62,65,1
36,78,5
33,77,12
25,75,11
46,93,11
51,87,1
48,73,11
53,84,4
48,86,12
55,73,2
31,78,1
60,92,1
64,83,4
62,70,2
31,88,12
33,74,4
44,65,4
60,99,2
64,71,6
44,65,1
21,87,1
66,75,2
58,91,10
27,73,2
24,89,9
60,86,4
64,86,10
45,90,6
60,95,2
64,82,3
51,65,5
57,86,4
25,67,4
66,80,1
42,99,5
57,90,5
67,67,2
20,96,7
56,84,9
25,85,8
23,69,7
67,96,7
70,86,11
30,65,3
59,66,10
25,84,11
45,89,10
27,90,1
31,87,6
29,70,8
56,97,5
31,72,11
52,77,4
60,93,1
70,100,1
65,68,9
30,73,7
24,100,6
37,66,7
54,93,1
59,99,7
36,90,1
40,92,3
32,77,1
70,84,11
36,87,3
23,90,3
24,76,10
61,66,6
34,71,6
50,100,12
52,88,6
37,69,11
28,78,2
57,75,5
69,98,4
55,70,1
69,80,12
56,77,2
47,73,11
20,91,2
43,88,12
22,72,9
54,97,2
56,71,11
28,100,6
66,94,2
50,90,5
62,66,10
27,69,3
69,77,2
36,87,7
42,94,10
26,85,5
54,69,9
48,73,6
38,71,5
48,92,7
35,85,10
41,78,5
22,74,12
51,81,10
63,67,5
54,77,1
52,74,8
68,99,7
63,74,7
40,97,3
44,79,7
22,66,8
55,99,11
69,86,1
27,91,7
33,68,9
64,90,7
55,73,9
38,66,5
41,96,8
56,99,6
45,96,4
69,66,4
30,77,8
36,95,4
45,65,2
41,97,10
33,72,7
67,96,9
26,85,8
58,67,12
65,66,9
25,89,7
56,88,7
36,65,3
34,81,3
33,95,1
22,82,5
65,85,1
35,89,1
38,70,7
31,67,9
29,86,6
51,98,11
29,76,8
34,88,9
37,91,7
31,92,4
37,67,8
69,69,5
45,68,4
54,78,8
63,79,12
57,100,5
59,96,7
28,73,10
62,76,2
23,89,10
50,85,7
69,72,3
21,75,12
22,100,6
69,75,11
33,89,9
23,77,2
62,96,9
26,72,12
30,94,12
37,78,5
44,96,9
36,97,8
58,78,9
40,76,8
67,96,9
68,96,3
21,65,3
53,87,6
49,74,10
60,75,10
32,95,4
29,65,3
37,68,10
27,74,1
69,78,11
48,83,10
61,85,10
67,71,3
60,78,10
24,86,6
62,87,5
44,69,1
28,77,12
51,75,2
36,76,12
67,70,6
54,95,3
33,72,2
40,89,6
40,97,4
39,77,9
44,68,1
56,70,12
29,100,12
70,93,8
62,92,2
47,83,11
67,89,4
27,77,1
68,73,5
63,88,6
26,73,1
57,91,10
35,96,12
54,84,10
51,86,7
38,92,6
27,94,11
28,85,5
61,97,2
23,85,9
33,84,10
57,78,6
20,95,2
42,100,3
60,91,10
69,72,10
55,78,11
67,80,2
51,87,8
49,99,11
38,84,3
28,73,8
47,68,8
25,99,5
39,93,6
58,83,5
22,97,6
36,78,1
23,95,4
65,79,11
21,96,1
24,94,5
66,99,1
57,75,9
50,94,1
41,79,3
38,95,7
36,69,3
64,70,12
31,76,1
52,68,10
57,94,4
51,66,4
61,83,6
47,94,3
44,69,4
54,89,5
66,82,2
55,83,11
25,65,5
65,75,11
62,90,1
56,91,9
61,67,12
29,70,3
46,100,10
53,94,9
61,71,2
51,92,11
60,80,10
40,76,10
30,74,9
28,85,12
30,94,4
66,75,3
32,96,4
60,88,3
56,69,8
25,94,10
23,94,2
67,69,7
69,80,2
30,65,12
54,93,7
60,84,1
40,70,9
56,78,2
44,78,12
40,69,7
57,96,9
42,73,7
39,89,6
28,86,10
66,68,3
61,86,6
61,94,4
67,76,7
61,70,9
58,74,12
30,79,10
26,74,8
37,88,12
57,93,7
44,68,11
44,70,8
49,92,10
35,93,9
57,96,6
58,79,3
44,95,8
38,78,2
39,69,5
69,66,12
23,79,10
32,94,11
55,79,6
22,78,10
22,65,5
53,76,3
66,87,5
60,71,2
37,70,2
60,73,3
58,90,4
56,67,1
33,94,9
42,71,11
42,91,1
67,78,1
20,96,2
65,97,4
63,93,8
63,89,11
34,83,2
57,95,9
51,83,10
23,70,1
43,78,9
21,68,3
52,73,10
68,77,1
35,95,11
50,68,5
70,70,1
21,95,9
68,80,12
48,91,10
64,95,1
27,70,1
34,88,12
24,83,11
51,77,6
67,88,3
25,65,12
46,78,1
28,86,11
68,81,10
32,95,6
50,86,12
46,77,2
46,83,10
43,88,12
35,95,4
40,77,3
43,100,2
63,99,10
70,92,8
55,86,7
67,88,9
33,90,12
30,83,9
37,86,4
57,89,5
68,96,8
22,93,3
23,100,8
46,70,9
48,95,9
52,80,3
36,67,9
65,82,8
55,96,12
66,70,8
31,72,4
21,95,4
36,71,6
51,97,10
49,93,6
53,72,7
49,87,3
54,95,9
38,80,8
66,85,10
50,83,10
30,78,8
50,65,1
29,68,4
24,65,11
39,83,8
36,91,10
48,80,9
28,80,8
39,79,4
40,87,12
51,81,8
64,65,8
42,88,12
35,85,8
25,76,4
51,96,9
20,90,12
64,97,7
62,75,7
55,76,5
31,75,4
48,65,8
32,79,4
50,69,9
51,91,6
47,97,10
23,94,9
59,91,7
36,70,3
49,67,7
36,83,11
45,80,4
37,99,6
36,79,1
32,92,1
56,66,6
60,94,5
48,75,10
43,96,3
52,77,5
64,92,6
50,87,9
26,91,7
53,100,1
52,65,1
47,67,5
28,100,1
42,95,1
56,88,7
31,91,11
22,100,4
35,85,3
56,79,3
62,71,9
24,87,11
43,76,2
46,89,4
63,66,9
64,68,7
63,81,2
69,86,1
28,88,1
20,96,9
54,68,3
21,96,1
53,83,11
41,83,5
20,82,6
40,87,5
42,76,2
31,91,3
34,71,1
21,97,5
33,74,4
40,85,1
46,79,1
35,84,2
45,66,3
64,80,3
55,79,2
26,69,5
24,89,4
35,71,11
52,75,2
63,67,12
54,77,10
59,99,2
34,84,11
56,100,6
70,70,7
51,66,10
37,65,1
54,70,3
68,70,5
30,91,10
65,91,6
62,82,4
24,79,11
48,71,3
51,72,12
51,86,12
50,95,5
34,94,7
65,72,1
40,98,12
50,100,6
36,89,12
36,79,1
27,89,1
25,79,7
37,100,1
45,68,4
50,74,4
21,92,11
51,80,12
20,94,3
52,67,2
65,83,5
43,80,10
49,91,1
34,66,2
63,85,6
62,93,8
26,81,3
27,86,2
29,88,7
62,98,6
24,69,1
24,75,8
62,74,3
65,83,4
28,97,6
55,97,1
64,97,10
28,97,12
40,96,6
59,70,1
67,67,3
28,93,1
22,65,6
46,79,11
35,92,12
62,84,3
51,93,2
54,94,11
53,92,3
37,78,7
33,84,3
43,93,3
65,95,10
51,83,3
22,85,6
66,89,2
57,81,8
38,87,6
30,72,12
56,92,2
65,99,8
59,69,11
29,96,6
47,96,2
43,88,5
53,95,5
69,98,10
34,82,7
41,94,7
31,88,10
34,79,2
37,79,3
56,79,5
53,98,9
23,68,3
66,96,3
59,86,1
33,94,12
44,65,12
54,85,8
70,78,7
62,99,2
67,71,10
66,89,12
35,82,8
69,72,12
21,71,2
57,84,3
57,71,8
49,86,8
46,97,7
23,91,8
68,82,3
69,79,5
48,83,12
20,95,8
69,66,9
26,79,7
46,85,9
42,98,2
60,79,8
40,79,11
24,70,8
26,77,10
24,89,10
46,87,11
35,86,3
25,73,7
31,99,12
50,100,2
54,91,5
33,82,12
41,83,7
66,71,3
57,90,5
51,97,12
35,72,4
55,76,5
31,74,2
62,80,4
56,92,3
67,93,11
65,65,1
20,75,9
32,74,2
67,81,1
69,79,3
43,93,8
69,69,8
35,73,11
63,69,6
69,97,1
39,82,3
29,69,3
21,68,5
20,82,11
24,71,2
33,97,4
26,89,9
68,69,4
42,88,1
39,67,4
32,75,1
48,98,5
23,75,1
47,88,12
30,91,10
27,72,10
48,66,6
68,86,7
24,78,8
54,81,11
23,91,6
26,80,12
51,78,3
65,71,2
51,69,2
53,71,4
28,90,7
36,75,6
46,100,6
61,71,11
32,80,8
60,91,10
36,83,9
47,84,1
40,79,8
50,93,11
60,83,10
65,94,2
44,87,8
50,81,12
61,97,2
56,88,8
64,67,5
30,67,11
22,85,11
30,74,12
46,82,10
53,71,9
25,93,4
25,69,5
69,68,9
65,99,3
54,89,9
32,94,9
43,79,3
40,73,11
41,89,4
25,80,6
62,75,12
24,96,5
36,75,12
25,94,8
48,97,3
35,66,12
54,79,7
25,67,1
63,72,6
65,91,7
49,79,11
38,97,5
27,81,8
31,86,8
63,81,6
56,97,4
63,91,2
59,98,8
38,84,6
32,86,6
30,88,3
65,87,4
28,96,2
63,65,7
46,87,3
44,79,10
43,86,10
41,66,9
57,95,1
59,93,5
35,95,3
33,66,4
35,93,9
63,84,3
60,95,2
33,65,7
32,87,2
61,73,10
69,82,7
40,80,6
38,74,2
69,65,6
36,82,8
56,66,9
27,98,11
35,65,7
34,83,2
46,68,2
46,74,7
56,76,2
44,75,8
34,87,11
35,77,11
28,76,3
35,88,10
34,79,5
28,83,3
45,98,6
64,87,12
68,82,10
62,70,12
30,68,10
38,89,2
39,83,2
31,100,4
50,85,11
61,68,10
58,91,9
52,92,4
54,73,6
50,94,12
24,76,9
54,69,10
55,78,2
31,79,4
47,80,4
22,77,9
39,73,3
51,82,4
43,78,10
66,95,10
20,96,8
28,80,12
67,83,10
53,94,12
34,75,11
57,98,3
33,73,3
69,94,7
46,68,11
40,88,2
34,73,3
22,75,4
69,95,9
24,96,6
45,91,3
68,72,5
65,95,2
43,73,9
35,93,6
55,65,5
57,80,6
38,70,11
46,88,10
55,82,12
24,88,6
52,89,7
47,91,12
46,93,1
68,67,8
37,72,1
60,70,6
21,89,2
58,77,3
49,86,11
24,78,5
67,90,5
59,68,9
64,97,7
43,98,8
27,70,10
44,84,8
32,88,7
70,68,11
68,99,11
41,73,2
40,99,12
22,86,1
59,91,7
33,69,9
51,79,7
32,99,2
60,76,11
67,98,2
28,90,8
51,88,10
22,75,2
44,92,11
26,81,4
48,94,2
23,97,4
34,83,5
27,76,3
36,98,9
58,96,7
29,97,12
21,75,5
53,92,10
27,90,12
55,87,6
26,74,2
61,77,8
56,67,9
51,87,12
70,71,8
53,78,5
32,70,7
46,86,2
45,95,8
48,79,5
38,82,5
36,97,2
67,83,1
58,67,12
20,82,10
33,93,4
41,99,11
31,67,4
23,69,6
22,74,2
51,90,3
34,89,11
40,69,11
49,88,2
47,71,8
27,90,11
66,72,1
26,100,1
59,70,2
39,96,3
43,66,3
50,95,10
63,95,7
34,99,10
22,77,11
35,79,1
34,85,4
48,84,11
62,80,4
34,79,6
49,98,2
56,77,10
67,94,2
28,66,8
49,90,8
23,78,3
51,78,10
59,81,5
61,94,10
40,65,1
27,94,11
26,81,2
24,79,7
67,77,7
68,80,3
44,80,9
39,76,4
60,67,9
30,73,1
59,84,1
20,93,4
49,96,12
57,91,10
67,93,8
46,81,5
57,88,3
61,100,5
22,71,4
33,88,1
55,71,1
53,99,12
53,86,10
20,66,12
36,74,8
69,73,2
21,93,6
47,99,5
35,80,9
51,80,2
37,96,4
32,81,11
32,76,12
29,69,8
58,77,6
54,69,7
34,89,1
51,81,10
46,79,8
54,69,10
39,87,3
37,76,11
36,84,7
70,77,6
57,72,9
54,70,6
50,93,7
42,90,9
38,88,3
50,84,9
61,87,4
55,94,3
36,76,6
48,85,10
48,100,1
32,94,7
53,88,10
61,83,7
33,74,8
40,91,6
65,99,1
41,91,3
64,73,1
27,74,10
39,91,2
67,79,7
26,80,3
47,85,12
58,72,2
25,84,1
29,72,7
36,74,7
51,96,1
55,99,9
35,82,8
29,100,11
69,80,9
56,77,10
56,90,6
44,87,4
69,72,10
36,88,6
44,77,2
33,86,11
21,83,2
20,87,7
27,79,10
58,70,3
20,78,12
36,96,8
63,99,8
20,76,11
25,80,4
39,66,10
26,72,1
61,90,6
67,81,11
43,89,7
63,81,9
56,68,11
65,79,2
68,85,9
25,85,5
55,78,9
53,68,3
21,92,4
26,70,4
57,81,3
62,82,8
54,82,5
27,78,2
38,97,9
63,68,7
44,70,2
41,84,7
32,75,3
47,97,10
46,99,9
64,71,11
67,100,7
31,74,2
21,70,8
36,75,3
58,69,5
34,98,6
39,87,10
52,66,7
64,65,4
20,74,5
46,88,11
52,70,9
57,66,1
68,80,5
56,73,1
20,72,7
68,86,1
37,67,11
63,85,11
43,83,3
70,87,7
48,74,1
56,71,4
64,78,1
40,88,11
47,96,5
31,68,12
20,67,6
37,84,5
40,78,8
37,68,12
49,92,7
60,79,9
70,96,5
56,85,12
41,83,12
55,76,6
33,72,6
33,73,6
69,69,6
70,69,2
26,86,3
48,90,6
59,83,10
21,92,11
66,76,7
60,93,6
47,85,2
26,70,7
53,69,1
52,69,1
65,89,8
48,77,4
20,94,2
65,90,1
38,81,6
55,79,5
23,96,11
45,65,3
53,87,10
55,100,6
68,81,1
67,72,7
20,65,10
60,72,12
60,94,4
52,67,4
46,100,7
37,76,5
25,66,2
23,92,3
55,70,11
24,81,3
48,87,5
35,72,7
22,80,8
29,83,11
47,72,12
31,79,10
30,94,8
60,71,6
42,68,6
43,70,6
65,66,12
35,67,1
64,93,5
58,87,9
22,91,10
55,88,7
32,94,1
70,67,4
55,67,4
31,73,4
36,71,1
36,81,9
45,84,6
59,89,5
67,97,8
49,81,4
25,69,2
65,80,11
23,77,11
50,79,8
49,75,1
49,84,9
42,73,9
67,88,4
35,66,4
44,100,4
37,67,4
66,93,4
65,95,2
55,78,8
44,87,5
64,86,8
48,67,5
22,72,9
29,98,1
57,90,6
59,80,4
29,79,2
63,70,10
36,74,5
44,79,10
66,87,11
36,68,5
47,81,1
53,87,6
33,89,2
26,92,12
64,98,11
39,99,10
28,100,6
45,100,5
30,100,9
37,83,10
66,88,2
29,71,10
55,96,7
55,70,1
33,82,2
42,86,7
62,78,4
47,91,9
44,88,5
54,77,1
28,94,10
38,81,11
41,94,8
42,75,1
27,84,6
44,76,9
28,67,5
48,74,6
69,69,11
27,66,4
20,82,6
52,83,11
55,67,6
26,92,3
23,86,1
26,99,3
33,65,9
24,82,7
45,89,5
44,100,7
27,74,1
35,73,9
34,84,10
66,79,11
23,78,3
23,94,5
27,86,6
68,78,3
47,82,8
49,97,10
40,94,10
55,96,7
57,75,4
58,74,12
21,98,3
68,88,7
62,66,3
41,89,2
25,90,9
29,86,12
29,73,10
24,87,1
37,68,1
44,74,11
63,77,11
47,85,10
29,95,2
40,98,1
70,71,3
65,85,7
32,82,12
42,73,10
70,94,8
58,75,12
53,77,7
32,86,6
42,73,12
24,99,3
46,72,6
42,90,3
24,86,8
31,89,1
60,70,10
48,75,7
26,76,12
53,71,7
33,100,3
45,71,9
52,68,5
54,78,10
25,86,11
50,97,7
27,75,11
53,85,4
55,82,6
28,72,1
22,85,6
32,100,1
62,76,6
60,69,5
27,97,3
32,72,5
43,81,6
43,75,2
34,77,9
66,65,3
33,94,3
42,80,11
29,78,4
30,85,11
67,84,2
43,77,9
63,100,3
70,95,5
68,69,6
21,98,6
67,98,5
30,84,4
68,96,12
58,74,1
53,98,8
59,72,5
44,82,2
51,94,3
53,87,10
24,69,6
50,68,2
29,86,1
32,75,8
27,68,7
35,95,3
31,96,8
46,72,4
57,66,9
27,94,9
37,83,6
24,95,11
69,82,11
39,80,11
27,100,9
30,79,1
20,93,11
53,75,4
27,68,5
50,91,5
28,73,1
68,90,6
46,92,9
65,99,3
45,83,5
30,95,1
45,100,6
36,84,2
32,91,10
70,81,12
40,68,10
70,90,8
24,81,3
49,80,3
25,89,12
24,87,12
69,76,7
53,79,11
26,76,5
34,72,6
64,100,5
51,83,12
40,90,5
22,80,4
30,86,4
46,86,11
23,70,7
65,71,8
34,93,12
65,66,2
59,85,8
31,87,6
41,80,12
22,76,9
49,95,10
50,95,5
23,67,2
38,89,4
58,76,2
40,99,1
41,75,5
26,90,2
60,86,7
69,86,3
23,80,3
36,82,12
36,78,10
47,100,11
51,76,11
29,98,8
58,66,2
64,94,2
58,85,5
55,73,8
51,88,6
45,70,2
21,85,10
49,93,4
37,74,9
42,80,8
59,73,9
30,91,4
40,67,2
65,68,4
26,66,5
25,97,2
30,99,5
41,67,5
65,91,3
58,94,7
57,67,2
67,98,5
70,95,1
45,72,7
23,89,12
51,71,7
52,92,6
47,95,10
52,78,9
68,65,1
69,84,5
62,94,11
40,70,3
63,73,3
48,96,4
58,92,3
32,72,2
57,82,11
28,68,1
48,78,12
68,78,7
41,74,1
24,80,2
27,73,4
59,93,3
55,96,8
70,73,4
27,73,8
47,74,8
66,66,1
54,73,6
23,92,11
24,91,6
46,84,11
37,91,4
25,74,2
28,84,10
42,87,2
27,79,8
68,96,2
29,74,3
26,88,9
45,92,4
21,92,5
51,81,4
41,85,7
50,79,4
66,91,11
50,78,11
40,71,8
27,88,8
47,95,4
49,74,11
43,86,7
36,89,10
54,93,12
46,70,10
51,83,4
56,95,5
52,73,10
44,68,4
54,80,5
66,89,6
51,71,11
56,86,11
43,68,1
25,65,2
69,98,1
47,94,4
24,95,5
63,95,6
49,66,4
63,77,5
61,79,5
63,99,9
33,93,5
55,73,12
33,86,8
62,79,8
21,92,1
26,96,12
65,85,3
70,99,7
28,94,7
45,68,1
53,65,11
25,83,11
51,79,2
60,98,4
26,92,7
29,82,6
58,97,10
45,75,5
22,99,7
61,70,5
49,80,10
69,76,7
34,85,3
67,87,6
30,71,10
55,68,12
68,65,3
69,70,1
31,93,3
56,92,10
58,91,5
61,93,6
56,91,3
56,76,11
56,79,10
32,67,6
43,91,1
59,87,6
60,89,12
61,96,2
35,66,3
35,70,5
44,99,5
37,70,5
49,83,4
31,70,10
70,90,11
70,93,11
55,74,4
39,78,2
32,74,11
35,100,1
45,95,1
45,85,11
35,98,2
57,94,10
48,80,5
56,81,4
21,71,2
21,86,2
55,69,3
56,70,8
62,88,1
38,79,8
27,98,7
23,73,11
54,92,1
66,77,7
24,97,6
43,72,4
31,74,1
42,67,2
55,97,10
64,87,9
44,71,4
54,76,5
49,80,3
67,91,9
50,83,11
28,86,1
60,72,1
33,78,7
25,83,6
21,68,9
62,83,1
70,95,4
65,93,4
70,87,10
33,74,12
38,71,3
50,74,5
29,74,10
67,87,11
29,82,2
43,84,12
31,95,8
70,69,6
64,82,7
62,67,7
60,86,12
63,93,1
33,96,1
60,73,1
54,78,2
23,76,1
29,68,7
63,79,3
41,100,10
59,85,6
50,91,2
60,99,1
38,86,9
39,92,5
54,99,4
20,84,8
52,98,2
29,91,3
54,93,3
44,68,12
67,93,7
25,71,3
66,99,12
23,68,7
29,93,4
21,76,9
63,81,10
57,87,8
41,94,7
34,95,3
51,68,5
51,87,12
32,93,6
50,100,11
45,96,12
42,66,4
70,86,7
63,77,7
32,88,8
44,66,9
50,90,3
26,69,12
66,88,11
55,90,3
65,75,12
23,84,6
59,79,12
33,95,6
48,86,7
60,78,7
61,88,12
32,77,10
58,68,6
44,85,3
26,65,11
69,92,8
60,95,5
63,83,7
22,95,4
68,67,2
53,94,3
34,81,4
21,72,11
55,94,1
34,68,12
25,73,11
30,70,10
50,86,10
28,89,12
40,93,7
28,98,1
68,80,8
29,69,5
39,73,9
43,83,2
57,98,12
70,88,10
66,79,8
60,68,3
64,96,3
53,89,10
21,93,5
55,74,6
25,88,2
68,74,9
55,87,6
56,84,7
53,75,12
24,67,4
65,85,7
48,84,9
52,79,4
65,73,2
45,83,8
28,91,12
40,99,8
49,98,7
51,86,3
53,94,1
29,72,11
37,90,9
63,71,4
57,86,9
52,75,8
32,89,12
35,65,1
57,89,7
22,90,6
37,91,6
69,89,12
32,86,11
28,77,6
27,78,11
21,84,4
43,70,9
43,65,12
56,73,10
53,67,6
45,73,1
41,65,10
38,79,1
25,73,3
20,87,5
22,99,4
31,78,9
57,81,12
64,87,10
57,97,6
54,89,7
55,78,4
41,100,7
32,95,4
60,70,4
39,70,9
37,68,6
70,81,11
59,86,10
44,80,11
24,85,7
39,82,4
40,73,3
43,84,1
57,78,2
69,92,6
67,80,1
55,75,4
26,78,8
21,94,2
44,87,11
46,73,4
68,66,10
40,69,10
43,75,11
58,96,1
55,89,11
66,91,2
39,71,1
69,98,11
48,94,6
33,88,12
49,67,5
66,67,7
55,70,4
59,96,6
49,88,11
38,88,10
41,69,6
58,86,7
37,98,2
51,93,9
45,99,8
61,73,3
39,97,10
49,70,10
50,84,9
63,100,12
68,66,6
64,84,9
52,75,10
70,81,8
46,99,7
45,98,9
20,78,4
68,99,1
57,93,5
49,70,5
31,72,10
62,92,7
69,92,10
60,96,11
53,65,8
58,89,10
65,68,10
56,98,7
70,68,11
43,70,4
42,89,4
47,65,4
67,84,6
54,88,11
23,78,2
49,76,7
59,67,10
59,80,7
55,73,10
31,81,2
34,70,12
34,92,12
63,77,7
43,65,12
24,77,11
32,77,5
56,74,1
44,95,4
63,100,5
53,70,9
44,85,12
27,94,11
34,82,7
60,97,6
45,86,7
53,70,9
62,91,7
61,70,9
55,86,11
63,83,12
30,100,12
47,71,10
63,70,1
24,73,12
51,81,12
58,73,4
66,85,3
62,75,7
38,78,2
21,97,3
32,83,5
67,83,8
40,66,7
23,91,9
21,78,11
43,69,10
24,74,3
39,77,1
44,100,7
20,69,4
50,84,2
65,91,12
20,88,8
57,77,8
25,86,11
46,79,2
34,95,11
66,72,5
32,96,2
65,81,1
55,77,11
55,77,3
30,75,10
31,85,6
40,92,9
24,66,9
29,74,10
22,89,11
45,83,9
31,68,5
40,87,1
56,96,5
42,88,3
39,95,5
46,100,1
70,77,12
21,76,8
31,65,7
67,72,4
36,80,7
43,65,2
58,83,1
20,89,11
31,93,2
69,81,5
44,78,5
50,97,2
33,79,2
67,71,2
28,90,11
51,100,2
48,74,11
39,77,2
65,68,1
31,88,2
27,81,4
63,72,10
62,87,2
46,99,10
40,74,9
62,70,12
45,76,6
36,89,11
26,79,11
51,76,9
53,69,9
38,94,5
60,97,5
35,80,11
24,90,9
46,85,7
44,66,9
40,69,6
27,84,12
63,97,2
45,69,5
54,89,12
29,90,11
21,98,1
55,85,5
44,74,2
33,70,10
58,70,1
43,87,8
47,91,7
23,97,10
33,100,1
49,70,5
66,65,8
24,96,8
28,73,10
26,69,11
58,70,3
65,70,11
65,99,7
22,80,5
35,82,6
32,88,3
63,93,10
26,72,9
39,90,12
66,86,2
28,75,9
61,93,7
38,77,12
66,80,8
28,83,12
42,99,10
43,65,3
59,100,7
67,92,10
50,89,4
41,82,10
43,66,2
28,76,5
43,78,2
36,65,1
46,69,7
40,75,5
42,93,11
48,84,12
61,77,9
69,89,8
67,66,6
54,82,10
55,97,7
31,87,4
44,98,9
20,71,6
64,70,9
28,88,2
58,82,9
69,88,6
31,86,8
42,75,5
20,88,12
64,92,1
35,76,6
31,99,6
68,71,11
32,83,8
29,69,9
45,99,12
36,100,3
61,66,7
25,91,4
55,90,6
67,72,9
69,74,3
28,74,3
60,90,9
26,69,3
63,79,3
33,84,5
57,66,10
57,92,3
61,71,4
21,92,10
57,80,3
27,71,1
69,99,1
44,87,7
21,95,12
37,91,1
46,82,3
35,94,12
65,100,11
23,92,8
67,78,10
32,91,9
25,82,8
23,92,12
38,65,12
54,68,11
66,89,12
36,82,11
45,89,1
26,100,9
31,71,11
37,90,10
21,92,7
59,73,8
44,78,8
57,65,9
22,95,7
31,96,12
55,75,6
28,74,10
28,81,9
28,96,3
68,76,12
40,83,6
40,89,10
63,84,7
63,77,9
27,87,9
48,86,9
58,80,1
52,76,11
56,97,3
50,65,7
38,94,6
20,95,11
31,72,3
20,83,7
27,81,8
48,95,7
28,79,8
62,82,3
56,97,11
65,99,12
34,65,10
21,80,1
61,83,6
21,73,10
38,85,12
23,87,10
33,98,7
68,92,9
25,78,11
70,91,1
61,73,6
39,83,6
70,87,9
43,69,10
50,86,10
34,99,4
26,87,4
34,75,8
52,74,1
68,76,1
70,97,4
49,86,6
41,98,11
58,80,6
46,95,5
33,91,3
30,70,9
21,100,9
31,82,2
51,76,12
45,94,8
44,85,2
25,67,1
39,95,8
37,67,7
69,89,3
43,79,5
50,94,10
52,65,5
21,76,5
20,66,8
31,94,4
68,67,7
51,79,9
22,99,12
50,69,10
60,70,3
61,96,12
45,68,12
63,88,6
61,86,10
63,90,5
45,92,8
68,97,2
68,93,2
29,80,4
58,74,11
45,98,3
47,88,9
70,76,9
28,81,2
31,77,2
52,68,11
53,98,4
23,90,9
22,73,5
20,74,9
53,78,5
24,95,5
40,70,7
64,99,9
51,88,10
65,87,5
48,98,9
28,86,10
44,72,2
64,72,10
33,90,11
28,89,7
63,99,1
42,72,1
48,67,8
29,84,12
29,95,10
46,68,11
65,91,7
28,91,11
37,73,11
64,79,3
59,99,8
58,83,3
24,68,7
53,66,5
60,98,6
53,81,9
34,91,3
31,95,5
59,93,9
62,74,3
60,86,1
66,71,3
22,84,12
42,94,11
44,93,7
47,80,3
61,68,1
32,81,10
57,97,1
27,69,5
61,73,5
39,68,9
28,99,3
63,67,6
26,92,8
45,86,12
65,66,11
52,75,2
22,98,4
44,69,1
28,88,3
25,88,4
28,88,10
32,68,4
45,83,7
67,93,8
57,66,4
27,77,6
68,84,6
51,100,11
26,87,6
20,83,9
38,78,7
43,91,3
33,71,11
41,71,3
58,71,2
35,88,2
55,91,5
43,81,5
28,86,7
68,89,5
65,79,6
35,87,7
54,70,7
45,99,12
38,92,8
70,99,10
65,82,5
29,92,2
54,71,2
58,78,11
66,87,2
25,91,5
51,91,11
66,77,1
40,71,1
48,79,3
34,81,2
49,98,9
66,87,12
65,95,3
30,87,9
25,78,6
44,82,10
45,75,7
46,66,3
35,65,11
59,66,8
53,86,1
63,81,4
65,79,2
51,81,12
45,97,9
55,87,8
61,82,8
35,93,3
21,69,8
57,97,10
23,68,12
22,86,11
54,96,5
51,84,1
44,93,4
35,79,4
70,65,12
23,81,9
69,78,1
41,84,6
27,94,11
41,69,2
69,94,9
60,74,10
57,83,5
28,76,8
66,70,7
59,92,8
68,68,8
70,66,4
56,97,9
30,88,2
39,96,4
23,77,6
55,91,8
20,78,8
29,75,9
32,80,8
37,81,6
55,80,3
54,75,4
44,65,5
41,93,9
41,81,2
69,84,8
44,96,9
39,82,12
63,95,2
62,81,4
49,94,1
61,97,4
23,98,2
47,86,12
24,89,1
69,90,12
49,79,4
49,74,6
41,95,3
41,84,12
50,99,2
54,70,7
55,70,2
20,68,12
55,82,2
54,77,7
41,93,8
46,65,11
61,75,3
41,69,11
57,66,10
47,87,4
53,95,9
40,99,4
29,77,6
34,65,5
55,92,5
40,84,4
61,76,2
65,79,12
31,88,3
39,86,2
55,69,11
63,75,1
63,99,2
28,96,8
27,69,3
63,92,7
40,72,10
42,90,2
57,82,8
55,90,9
43,96,6
37,90,1
55,87,4
29,74,9
35,82,5
46,93,9
67,89,4
51,94,9
61,69,12
69,70,1
34,92,12
47,76,3
21,81,9
70,84,1
30,97,1
35,84,2
70,93,12
21,81,1
39,83,8
20,79,8
20,85,6
42,89,3
38,100,7
47,83,3
20,91,4
37,93,2
67,77,11
27,89,11
65,84,9
57,85,10
57,81,8
64,90,11
52,100,11
42,70,3
52,99,7
61,87,1
69,71,1
47,65,3
38,67,4
60,89,11
67,100,5
20,83,7
54,80,9
66,80,12
43,89,6
30,95,7
32,76,8
51,87,10
31,99,12
22,88,10
41,93,11
58,72,7
22,100,10
27,84,8
56,94,12
34,95,5
61,89,12
57,93,7
49,73,2
51,89,6
59,95,9
46,76,7
60,77,9
38,74,8
34,84,6
21,95,3
33,92,3
47,98,10
70,77,5
26,99,4
24,100,7
62,90,6
22,90,5
22,74,5
63,90,3
29,96,7
69,67,1
49,95,12
65,86,12
60,89,10
34,93,12
61,96,11
40,75,6
21,71,1
57,96,10
56,72,6
40,99,11
33,79,5
45,67,11
47,69,4
35,88,3
36,66,5
59,66,8
27,77,2
42,80,6
68,74,5
39,86,10
50,94,12
26,89,5
60,97,7
36,86,10
35,96,2
32,85,4
23,76,2
57,80,6
20,89,5
28,66,7
37,95,1
31,96,10
63,97,8
70,66,11
57,70,8
36,80,9
26,71,9
24,84,2
31,68,11
63,100,7
36,79,5
56,84,3
48,76,6
53,80,9
33,73,11
25,70,12
70,82,1
41,75,4
36,70,7
34,67,3
24,97,3
51,93,4
47,82,8
55,100,3
52,98,11
47,91,12
54,65,2
24,98,3
31,76,8
49,100,12
26,82,3
43,80,2
32,75,2
63,81,12
35,74,4
46,88,5
70,81,8
26,95,3
33,74,2
59,80,6
24,81,10
49,85,7
42,91,1
23,89,1
42,67,12
21,94,8
23,98,5
59,84,3
57,90,4
26,96,12
65,87,1
58,75,4
66,67,11
70,76,7
47,95,5
35,72,4
65,100,7
46,91,6
56,87,5
57,69,9
57,66,12
56,76,4
58,87,1
51,78,8
44,68,5
48,66,10
54,80,11
27,85,11
52,71,7
58,84,3
28,100,3
21,72,11
24,69,3
28,65,7
29,69,5
27,84,2
47,86,7
22,70,11
64,100,5
36,92,6
34,97,10
25,80,5
59,80,8
68,79,6
44,90,10
40,87,4
49,95,8
47,91,12
33,77,7
45,82,8
53,70,3
57,92,6
39,79,9
20,83,12
65,65,5
67,77,4
33,81,4
27,67,5
36,92,10
27,71,7
34,95,12
54,79,1
23,95,3
53,69,7
37,93,8
53,93,10
47,69,12
32,97,6
29,95,11
48,79,12
43,90,8
34,75,9
25,99,8
44,80,9
33,88,6
64,65,5
33,94,7
69,73,9
48,97,3
41,77,6
66,85,9
35,82,12
45,89,10
20,77,2
40,98,3
28,93,12
48,67,9
35,66,9
45,87,1
39,75,5
59,76,10
21,95,10
67,65,11
58,73,10
24,97,5
66,85,8
37,66,10
26,89,5
56,74,12
61,77,11
41,66,2
50,88,5
57,88,7
38,72,9
25,76,9
22,70,2
56,73,3
57,69,8
49,69,2
50,92,11
32,91,8
23,80,2
48,98,10
56,94,1
50,90,11
49,85,1
48,65,12
68,78,6
50,67,11
67,77,2
43,85,1
27,87,10
35,79,2
58,82,5
50,76,10
27,87,1
66,80,4
27,68,7
64,75,7
49,70,6
36,72,8
29,93,9
41,89,1
66,91,12
30,81,11
52,80,7
42,67,1
42,83,2
54,76,10
26,65,7
46,74,4
33,79,7
32,70,1
33,83,6
65,88,10
60,86,9
33,98,8
21,71,5
20,78,5
20,88,12
44,89,10
36,68,7
36,75,4
33,74,6
69,84,12
41,88,12
36,80,2
70,73,10
62,66,12
40,84,9
62,90,8
26,68,1
33,69,8
31,91,4
28,71,6
42,79,2
60,98,6
31,76,11
20,69,6
69,84,9
69,69,3
50,92,12
32,100,6
28,77,8
25,87,1
48,73,9
70,69,9
45,92,1
52,97,12
70,87,2
39,95,11
25,93,12
51,84,9
32,79,3
30,87,8
42,65,3
24,71,10
70,76,9
31,89,9
35,75,2
36,73,4
24,100,4
63,65,4
27,96,12
35,82,12
64,68,10
30,66,4
59,66,9
41,88,10
44,83,2
66,94,10
57,92,2
31,85,12
29,75,11
30,69,12
69,95,4
20,77,1
47,99,9
28,76,10
65,69,6
51,89,1
63,69,7
23,77,12
56,75,5
59,90,8
64,88,12
45,84,3
46,81,11
35,93,2
20,95,1
62,92,7
53,82,8
43,80,12
30,92,7
67,80,1
49,66,4
44,99,4
63,73,6
27,87,6
32,66,10
34,100,4
45,92,11
24,78,4
55,92,11
46,72,3
26,69,7
62,66,6
38,85,1
30,65,1
34,83,2
27,90,5
48,98,1
35,83,6
54,97,9
52,89,1
51,74,2
37,77,11
42,88,10
43,85,4
28,67,9
66,68,10
23,80,1
35,71,4
68,82,8
34,70,5
34,95,6
66,79,10
36,87,7
68,96,11
40,71,12
56,88,6
44,90,9
41,79,4
36,66,2
58,77,2
26,83,3
66,78,12
20,91,1
21,82,8
58,70,3
69,78,4
50,76,12
70,89,1
52,66,1
29,69,11
33,93,8
28,71,8
34,69,10
38,72,8
40,89,9
61,91,9
60,97,11
33,68,5
31,95,4
28,68,1
44,85,8
24,91,11
50,98,12
33,96,1
52,84,12
50,96,10
36,94,4
66,88,9
20,68,4
55,73,2
36,90,1
48,81,1
30,97,7
56,68,8
20,93,11
54,87,7
60,76,9
59,95,1
53,93,7
26,79,2
44,94,8
34,95,9
21,78,3
23,87,12
23,83,1
64,67,5
34,87,11
36,67,6
27,98,1
63,93,12
42,73,12
26,88,7
44,84,6
66,74,12
41,74,5
29,77,7
59,67,7
45,89,8
37,91,10
56,82,1
61,93,5
42,97,11
57,97,7
41,69,10
20,81,2
28,70,6
53,78,4
54,96,12
29,85,8
32,79,2
57,96,4
36,82,6
33,88,11
70,67,3
32,100,5
32,76,7
49,85,3
58,92,10
23,89,11
39,95,8
62,91,5
56,82,8
55,66,5
32,87,8
69,94,7
59,90,12
48,81,4
37,69,7
34,67,8
29,97,11
59,91,7
40,65,1
48,83,9
66,87,4
49,89,5
33,96,11
55,65,7
22,100,11
33,83,11
62,74,5
44,97,7
52,77,3
49,67,10
44,79,8
51,80,7
57,84,5
33,81,2
54,92,1
58,69,9
62,67,1
23,76,4
55,79,4
66,80,2
43,93,9
66,68,6
42,71,2
26,80,4
39,80,1
58,79,11
38,91,5
50,98,9
38,71,4
44,91,11
52,76,1
70,72,6
52,93,7
35,94,5
39,76,7
69,94,1
24,68,12
40,70,10
55,65,6
67,84,3
65,75,9
59,80,9
22,79,10
29,96,6
22,71,12
41,94,7
30,94,9
55,85,11
39,79,7
50,96,10
42,75,9
68,80,7
68,85,8
54,94,8
26,68,1
30,66,6
23,91,3
35,72,2
67,84,10
59,78,9
59,87,7
66,90,10
22,81,2
60,79,8
51,69,8
55,75,7
57,65,12
30,76,4
70,79,1
20,80,8
41,67,1
29,89,10
40,65,2
66,84,5
63,72,10
30,82,4
29,67,3
20,78,9
27,100,6
24,85,5
22,78,6
46,99,2
36,70,3
64,91,10
50,98,11
57,73,2
58,100,10
38,79,4
66,67,11
47,66,4
30,90,8
25,90,8
30,76,3
64,81,4
63,90,11
32,70,8
43,88,4
31,72,2
46,87,9
58,66,8
31,74,5
53,96,2
50,71,4
69,93,5
57,98,6
55,99,5
21,66,10
31,94,12
50,69,9
55,78,12
64,89,8
39,67,1
55,74,1
24,78,7
44,99,6
27,78,7
69,85,10
50,86,9
49,66,10
63,93,2
21,85,1
20,84,6
31,70,9
41,69,4
45,74,12
20,66,11
36,73,4
32,82,2
58,87,4
41,89,3
29,85,9
33,93,7
53,83,3
59,66,4
32,79,11
48,81,9
63,69,12
53,74,5
48,65,3
68,90,5
28,81,11
70,87,7
25,82,4
21,84,4
28,99,8
26,100,10
49,91,10
58,65,4
66,97,7
42,73,2
31,69,5
39,66,11
21,74,10
41,77,7
44,85,4
42,69,2
54,68,7
51,70,5
44,85,9
61,81,3
60,82,10
60,74,1
44,86,10
35,100,6
52,85,6
21,76,7
28,68,9
42,82,9
20,68,3
30,74,8
23,97,12
63,81,2
22,92,12
40,93,8
22,72,6
31,74,2
40,98,9
20,87,3
47,93,1
48,72,8
64,83,4
58,67,4
63,100,6
52,75,12
31,70,11
27,67,6
53,75,9
29,73,3
47,79,5
69,95,3
51,77,11
41,81,10
61,90,1
70,85,9
20,82,8
59,83,12
65,99,9
65,77,7
45,99,8
64,87,3
40,80,11
59,78,6
37,75,6
30,74,5
33,95,8
33,91,4
68,85,6
56,91,6
67,70,8
46,99,11
24,77,7
24,96,6
34,86,10
26,74,7
50,96,2
42,74,6
26,73,11
29,65,12
51,83,1
37,89,1
65,84,10
68,85,10
67,96,12
36,90,8
45,98,8
23,84,10
22,86,3
45,93,12
46,85,8
23,70,3
51,100,10
54,79,4
61,86,7
56,78,1
53,73,10
32,97,4
34,97,8
70,76,7
68,84,8
36,85,6
30,82,10
65,89,12
68,80,12
69,73,7
70,94,3
45,75,12
47,92,7
28,68,4
58,93,2
52,80,4
65,80,10
67,78,2
32,97,1
26,72,10
65,77,6
28,91,12
38,94,6
63,66,8
55,79,1
26,89,8
67,73,5
50,80,8
62,67,8
43,67,2
27,94,11
23,72,11
63,82,6
57,71,7
54,85,5
65,81,9
41,91,12
22,89,6
52,98,8
24,81,11
51,81,5
36,98,6
48,96,6
60,65,9
40,70,9
20,81,3
32,92,5
66,98,10
20,93,12
64,71,3
59,81,5
48,76,7
64,67,3
58,71,2
65,99,3
37,66,12
55,80,8
70,67,12
24,79,3
50,78,7
52,80,12
59,97,1
42,72,7
57,89,6
31,83,8
56,66,2
48,81,4
58,85,3
67,69,9
37,98,7
68,75,1
49,91,2
36,73,2
65,75,9
70,73,1
52,73,11
36,98,12
45,99,6
32,91,6
62,71,9
57,76,1
45,98,5
57,100,10
27,100,2
68,99,4
28,91,1
35,94,3
53,68,12
62,94,8
49,69,3
24,87,11
64,73,7
65,73,8
50,91,1
26,97,6
42,72,7
39,74,6
52,66,1
68,80,2
34,81,11
47,66,2
47,78,1
64,95,7
24,95,2
28,95,7
49,67,4
39,72,9
67,86,10
30,65,11
56,68,12
25,99,12
22,73,10
33,70,1
25,75,7
69,65,3
29,70,5
41,67,9
45,89,10
26,73,8
35,83,7
20,80,5
63,84,10
31,84,6
65,98,7
31,70,10
61,87,5
50,74,11
57,89,7
39,83,7
58,67,11
61,81,5
69,76,11
52,82,3
70,75,9
25,67,10
62,91,1
31,97,5
22,89,3
69,69,12
56,93,10
25,67,7
65,73,8
65,69,4
50,95,5
38,97,11
46,96,12
40,83,1
62,85,3
49,88,1
52,82,7
63,81,2
25,86,2
66,77,10
68,97,8
67,91,2
42,89,7
36,71,3
26,84,9
38,76,1
54,82,3
66,83,1
30,95,5
45,100,4
63,95,3
27,86,3
63,100,5
27,74,5
65,86,7
50,83,12
49,83,9
42,82,1
34,94,2
40,91,7
25,78,9
31,78,4
65,96,4
23,83,5
65,79,7
57,70,2
37,93,5
66,76,11
58,96,10
37,69,11
26,74,9
39,93,11
36,92,8
32,96,8
65,100,5
35,84,12
58,69,2
62,78,2
40,89,8
46,77,8
29,83,2
42,74,1
45,70,3
25,76,10
62,88,1
49,68,5
22,77,10
22,91,4
42,90,4
31,67,5
46,70,10
35,100,8
30,78,12
54,70,3
43,84,9
32,94,2
64,76,1
25,66,5
27,75,9
69,85,2
56,70,4
60,89,5
54,85,4
38,83,6
45,96,12
55,100,11
47,93,6
22,83,7
35,97,10
50,94,11
49,77,10
36,75,3
43,72,3
42,71,12
34,66,6
40,95,1
39,92,12
66,75,10
70,81,8
54,92,1
34,81,12
46,70,8
23,79,2
29,68,7
31,72,9
48,99,2
29,83,11
29,67,4
28,66,2
42,77,10
34,72,10
70,68,8
30,67,7
24,81,3
44,73,4
67,65,12
34,81,11
35,78,2
38,92,5
21,94,5
58,91,8
70,97,11
31,91,3
44,73,3
34,91,3
53,97,6
30,71,8
26,85,12
65,100,6
54,65,2
44,72,1
54,69,11
27,69,10
48,81,6
45,76,10
62,100,12
51,65,4
21,68,6
47,100,9
49,69,1
65,95,11
40,86,9
52,86,4
28,87,8
21,84,6
35,67,12
28,96,12
34,72,10
55,67,4
40,69,2
61,79,4
29,73,10
47,78,4
59,80,11
43,78,7
67,84,1
69,99,3
33,85,4
23,68,3
43,82,11
59,67,3
40,77,2
62,70,5
43,82,10
66,84,10
57,67,5
56,84,11
39,89,2
58,93,12
51,99,3
32,75,10
34,91,12
20,72,10
64,73,3
36,92,12
48,88,7
33,94,7
44,95,3
63,86,1
51,95,12
47,100,12
37,74,4
68,91,8
26,65,8
43,100,10
58,74,1
61,94,7
54,75,9
29,92,7
58,86,8
52,69,3
40,83,8
57,73,8
49,81,10
23,99,6
61,80,7
47,80,12
48,96,5
61,98,9
67,68,12
35,76,5
69,77,1
28,98,11
53,80,10
60,82,10
55,67,9
43,86,11
54,73,6
20,81,4
40,82,2
28,78,4
47,92,11
41,85,7
33,91,5
54,88,12
61,67,4
31,94,4
62,75,4
63,98,9
67,71,12
33,81,3
39,72,5
45,81,11
30,80,10
46,73,1
59,98,2
43,89,7
62,80,3
54,94,3
52,93,7
52,90,10
29,78,2
53,69,10
28,91,2
57,93,6
58,76,9
39,83,8
33,80,4
40,98,11
57,93,2
46,89,4
21,77,6
34,92,5
49,72,8
61,98,7
63,68,1
52,80,4
37,83,12
63,97,11
31,71,9
48,88,8
45,99,6
55,89,10
28,66,3
57,79,8
22,79,11
54,91,10
32,68,8
62,100,1
58,79,12
66,80,2
40,74,1
62,65,11
24,88,2
67,73,4
45,94,7
24,87,12
29,98,4
45,92,12
22,74,6
44,79,10
43,75,1
57,100,9
32,82,1
45,94,6
58,77,3
50,69,1
49,66,3
22,75,4
36,83,11
27,73,11
68,99,2
46,89,11
36,85,3
34,96,8
54,66,6
34,70,8
28,97,8
62,83,4
38,65,3
60,71,8
29,85,6
55,100,10
45,81,3
31,97,2
67,78,5
57,80,11
39,84,1
57,79,8
70,85,4
50,77,12
24,86,7
60,83,10
67,68,4
38,97,6
61,76,6
36,76,5
54,89,5
52,83,11
35,89,2
40,89,3
38,75,8
31,89,6
36,86,6
35,99,12
62,92,2
27,85,12
39,93,12
48,73,5
25,73,7
55,72,6
46,78,8
63,85,12
41,100,6
52,85,11
38,85,7
32,90,7
27,71,12
60,74,11
46,76,2
66,77,11
23,75,6
25,94,3
30,69,9
59,67,1
24,86,5
62,68,10
70,75,1
51,82,4
33,94,12
27,67,12
23,65,8
34,88,5
50,78,4
59,85,9
57,78,9
41,81,8
41,79,6
44,72,8
68,82,3
67,93,4
49,95,8
45,66,9
43,77,1
53,89,11
58,83,8
21,86,11
41,78,6
65,91,7
70,86,7
59,83,5
35,88,9
42,93,5
68,70,11
53,85,11
49,77,12
23,73,2
59,96,4
23,89,9
52,80,11
35,77,9
35,69,5
65,89,9
45,69,12
30,78,6
37,90,8
53,79,10
48,86,1
51,90,9
25,89,11
50,87,12
45,95,2
58,74,2
53,98,12
45,83,7
41,76,1
40,100,4
48,94,5
47,94,3
54,66,1
52,75,8
31,81,10
24,68,8
48,71,4
44,78,3
32,78,2
25,65,8
48,87,11
42,73,10
47,97,10
66,96,8
32,98,7
42,68,11
41,92,11
27,89,1
21,92,1
56,93,10
62,92,9
53,98,6
38,97,6
62,76,2
41,68,2
33,98,2
54,73,4
53,72,11
55,99,6
68,96,1
66,77,10
67,92,11
23,100,2
63,76,4
60,67,12
32,85,9
27,66,8
52,96,8
69,73,6
49,70,10
28,71,6
21,72,8
36,94,3
31,89,1
43,80,6
35,83,8
54,66,9
51,89,4
58,70,11
38,97,8
27,65,12
36,78,1
39,95,12
40,90,11
42,94,7
23,65,9
67,71,6
46,91,3
52,72,6
58,75,3
34,70,7
31,96,4
62,67,12
20,69,10
62,83,5
48,82,7
39,73,2
24,75,4
52,75,11
61,92,9
46,96,12
31,97,2
66,100,1
62,78,5
50,66,5
56,88,6
28,96,8
28,84,10
55,73,6
54,92,11
23,91,6
53,93,4
67,94,7
26,73,9
23,72,3
24,84,2
25,89,10
32,65,10
64,68,8
23,71,8
40,97,1
24,72,5
48,98,12
51,85,4
56,75,11
47,72,9
24,95,11
27,98,6
49,72,4
43,89,6
40,94,3
44,67,8
22,93,6
51,88,6
50,88,4
69,80,7
36,68,9
49,76,1
23,83,9
52,87,2
22,82,5
49,79,4
27,73,4
21,86,5
37,80,3
42,76,10
63,86,4
57,65,9
51,77,2
25,96,10
30,79,10
60,97,12
56,72,11
24,83,5
61,92,6
55,88,11
44,76,2
28,97,4
31,67,10
47,88,7
63,80,6
70,85,1
39,69,3
38,81,3
20,83,7
30,65,6
29,85,4
63,91,2
50,69,3
50,87,8
58,72,5
38,74,6
29,77,4
35,82,12
20,98,9
50,88,2
30,66,11
51,85,3
48,99,9
31,79,11
47,80,2
32,79,10
58,88,1
31,65,6
35,99,12
35,95,7
56,79,11
29,82,7
26,82,11
58,96,9
64,84,12
30,67,6
64,72,2
34,66,7
61,72,11
36,85,12
28,73,2
49,99,10
69,89,2
50,70,7
60,100,9
57,88,10
23,66,10
40,100,8
55,97,5
53,83,4
32,68,5
68,82,3
66,74,12
60,89,10
70,99,3
64,98,7
51,91,7
67,90,9
33,82,10
50,95,8
67,73,3
57,70,7
31,76,11
51,95,6
37,75,7
48,89,7
41,81,3
38,77,6
42,94,5
65,77,5
28,67,8
54,80,7
39,88,5
22,75,5
38,86,11
21,72,9
50,93,1
27,84,1
58,90,5
63,76,1
61,70,7
49,84,3
27,77,2
61,96,7
66,83,4
22,77,10
34,87,11
37,73,4
33,66,3
68,74,7
39,96,3
23,95,4
47,70,7
31,77,3
65,74,3
30,67,4
39,95,1
47,97,6
54,94,5
20,73,5
28,92,7
62,87,1
51,93,12
62,83,6
44,82,5
49,67,3
67,67,10
69,70,10
54,90,6
65,67,4
64,85,2
41,96,1
44,93,7
29,66,3
69,88,4
37,69,6
28,70,7
32,99,7
22,92,4
54,72,10
63,94,8
62,98,9
53,94,7
63,70,12
20,100,11
53,81,4
57,95,3
70,79,5
60,65,1
38,88,10
34,98,3
24,93,9
29,69,4
43,73,2
23,82,6
25,70,8
24,65,4
30,87,10
35,77,4
50,73,7
29,83,7
38,74,4
59,72,11
69,83,2
67,99,10
63,91,8
69,73,9
36,71,9
29,98,4
41,86,12
70,71,4
65,100,2
31,67,12
42,69,11
32,99,11
29,68,4
61,66,2
39,82,6
47,79,4
20,86,1
47,90,12
46,83,1
43,81,7
41,95,4
69,85,11
21,86,5
32,70,6
58,71,3
46,65,2
34,74,4
22,95,3
53,69,4
43,73,12
40,82,5
62,100,9
66,84,4
48,90,6
70,72,2
63,70,3
54,76,2
32,67,11
27,73,1
30,72,8
62,98,9
48,93,2
56,99,4
52,83,1
37,76,8
60,100,7
63,67,8
20,99,10
51,99,9
56,84,1
38,83,3
48,66,8
30,98,8
63,81,12
25,84,7
47,94,7
63,72,10
53,89,8
22,73,6
21,81,11
61,78,9
51,83,11
61,88,7
69,80,2
64,91,6
69,95,9
42,81,6
27,79,7
31,72,4
22,77,11
48,68,10
23,96,7
44,72,12
64,91,7
35,75,10
42,87,3
49,75,5
56,71,3
27,78,1
36,88,3
54,87,1
20,71,10
41,68,10
67,94,10
41,91,7
63,69,8
44,65,12
57,97,6
37,100,1
60,99,6
36,73,12
20,92,2
45,97,3
26,85,12
47,67,7
47,92,3
30,89,9
65,79,12
25,97,4
25,75,4
47,70,8
63,96,9
21,77,9
70,96,4
66,68,3
60,66,4
21,91,11
39,97,8
37,74,12
66,68,7
60,70,4
69,70,2
66,83,5
37,80,4
61,80,5
64,98,4
43,82,4
31,73,6
36,81,10
46,84,4
37,65,5
48,96,1
38,79,3
64,85,11
67,79,9
20,99,8
64,98,6
59,68,6
49,92,11
66,78,6
45,86,7
21,65,4
31,91,1
41,76,3
38,70,6
31,69,6
55,91,5
52,91,2
52,66,11
62,96,4
33,79,1
46,96,3
40,68,12
29,85,1
40,73,7
44,93,6
25,93,5
44,65,11
21,69,3
64,75,11
44,99,11
47,97,12
66,73,6
39,88,9
20,83,1
45,76,6
28,98,6
30,93,10
66,77,11
49,97,3
31,77,8
66,66,12
42,86,3
20,99,5
22,80,7
57,79,6
67,84,9
38,94,8
54,71,2
28,96,11
32,98,5
51,93,6
28,99,12
56,99,7
54,69,11
45,92,10
59,82,7
35,78,4
56,74,1
62,75,1
28,87,4
47,80,10
49,89,7
59,85,1
39,65,8
34,85,4
52,90,12
51,92,8
49,89,12
50,83,9
47,84,12
32,79,9
41,86,1
21,88,7
45,75,4
68,92,10
31,69,5
62,82,3
24,87,3
61,95,8
41,87,9
61,100,8
28,75,7
37,91,9
52,70,4
54,85,1
68,84,4
64,82,3
35,79,1
65,65,12
69,93,2
50,94,3
32,80,4
44,70,3
20,78,6
41,91,1
63,90,7
28,66,8
62,86,11
35,79,8
46,94,5
45,78,3
69,84,3
38,72,5
39,94,10
62,100,10
28,80,4
25,80,8
24,70,8
57,71,9
40,100,1
51,82,12
42,97,6
39,75,2
37,99,1
68,96,6
34,95,3
21,92,5
51,85,8
49,77,11
26,74,4
47,79,6
50,81,12
55,67,10
46,95,1
44,83,12
68,81,3
54,94,3
53,68,8
38,87,4
43,89,9
24,73,10
44,92,1
36,67,9
70,73,12
60,87,7
56,69,7
35,84,6
67,77,9
38,85,3
40,93,2
62,98,5
59,78,11
38,99,12
45,98,3
67,74,6
54,81,2
48,67,3
48,74,2
21,99,3
67,69,1
33,86,6
68,77,8
40,99,7
46,79,10
21,68,6
27,66,2
21,66,6
36,65,12
49,80,5
66,67,7
56,100,4
52,100,8
21,89,6
42,69,10
65,67,8
33,93,3
58,95,1
36,97,3
67,77,9
41,74,7
54,76,6
42,66,3
30,73,3
37,70,8
51,73,4
66,78,2
61,76,12
65,88,4
39,85,8
62,70,3
26,65,9
42,100,6
51,90,1
68,86,6
55,89,2
31,92,2
39,70,5
43,79,3
50,90,7
33,90,10
68,94,8
49,87,8
68,93,6
67,89,11
29,94,3
61,89,9
57,78,6
26,98,10
66,96,11
53,83,4
46,79,5
25,84,1
69,78,11
32,94,8
57,96,11
40,72,3
52,70,6
29,75,3
64,78,1
30,85,5
48,76,7
70,93,4
29,72,6
51,66,6
21,84,11
43,65,9
58,99,8
35,83,6
66,82,3
39,77,3
46,69,6
53,65,12
21,72,11
67,80,6
67,81,2
23,86,6
57,73,10
25,84,9
50,68,2
64,86,5
45,88,3
69,78,8
28,67,4
66,83,2
69,75,12
47,93,8
63,65,12
42,91,8
65,89,2
63,96,7
22,82,6
54,82,12
57,97,9
32,82,12
60,87,10
63,97,8
58,82,12
61,96,10
55,91,9
58,80,12
59,81,2
39,95,10
64,76,5
20,67,7
41,92,2
49,73,10
69,85,1
29,94,5
21,79,6
54,68,10
53,76,11
61,69,11
42,97,6
65,70,4
65,79,6
29,93,2
23,79,12
60,91,12
53,73,1
54,93,7
48,83,4
50,92,4
58,82,10
37,72,1
37,97,12
37,76,8
43,94,11
27,86,2
65,72,7
36,77,4
23,78,12
37,100,7
41,65,4
68,92,10
20,69,4
48,93,7
31,70,10
37,99,8
21,77,2
47,73,12
27,69,6
67,87,1
50,79,12
45,72,10
44,89,7
54,77,5
47,93,7
60,81,1
24,86,1
42,75,4
22,95,4
34,81,9
53,92,9
38,82,4
37,81,12
49,77,11
35,71,10
35,68,7
26,74,2
29,85,3
36,72,3
21,69,1
50,72,3
68,65,6
28,99,11
61,92,11
38,72,8
51,74,6
47,78,3
63,68,4
62,74,4
68,79,9
47,67,5
57,93,4
28,82,3
38,73,2
54,79,11
49,80,12
25,66,11
44,85,5
69,100,7
66,71,2
40,65,10
28,78,6
23,91,10
40,85,8
68,96,11
41,80,7
68,71,6
61,88,2
43,70,8
46,71,6
55,66,6
52,76,10
47,73,11
45,78,12
66,80,2
28,82,6
51,76,3
35,88,5
31,81,7
52,77,6
57,69,9
23,65,10
58,78,10
67,98,7
46,94,8
34,75,1
53,97,1
69,78,2
49,88,9
37,83,8
64,80,2
65,83,11
62,67,12
61,88,5
30,71,11
36,82,1
58,69,6
30,89,1
59,99,8
44,99,3
64,73,6
26,86,6
57,92,8
65,86,11
61,66,10
47,65,11
57,68,6
64,69,3
61,86,10
21,91,10
30,95,8
26,72,8
53,90,8
58,100,4
37,77,1
67,78,3
70,68,4
36,84,5
63,98,6
31,68,4
58,66,9
59,82,7
57,90,9
40,86,7
22,91,2
69,80,6
55,89,12
62,78,10
66,68,12
25,65,9
56,80,5
32,97,7
37,82,11
35,91,2
47,89,10
49,71,6
55,79,11
29,94,9
50,90,12
47,98,12
31,98,3
54,71,1
24,76,7
60,81,10
28,97,7
44,68,2
47,87,3
39,92,11
47,87,12
26,83,5
64,76,12
51,88,12
50,77,12
62,87,3
40,86,11
51,99,4
22,85,4
27,98,1
34,82,7
40,93,8
42,81,2
43,71,10
64,79,1
54,67,1
59,73,5
53,69,4
53,78,10
60,65,9
43,90,4
22,88,4
44,69,10
70,73,8
68,75,3
38,91,10
29,67,4
56,69,6
58,83,1
24,97,9
47,73,2
29,100,2
42,78,3
63,93,12
50,68,12
31,70,7
22,75,11
49,85,4
67,94,12
51,95,5
50,73,9
27,72,3
49,82,8
24,92,5
47,92,5
62,77,12
58,91,4
61,70,4
27,95,11
24,95,7
26,73,7
21,70,5
44,86,6
26,95,11
37,70,6
53,90,3
63,99,3
64,68,4
37,92,2
31,83,5
38,75,5
49,99,7
31,94,11
32,84,11
66,72,1
54,77,5
34,79,7
30,68,12
23,84,7
58,86,8
65,87,5
62,83,3
68,98,8
61,88,6
44,94,6
48,91,7
46,91,7
48,89,3
36,83,2
62,77,8
29,68,6
36,67,9
43,90,12
64,70,3
52,88,9
24,66,2
24,72,11
49,93,11
35,67,12
39,92,7
66,74,5
59,92,7
52,99,6
63,90,6
63,71,2
43,91,9
40,96,6
67,84,11
54,95,10
49,70,9
27,74,1
69,77,3
40,88,3
42,94,8
44,71,7
48,82,6
47,83,5
44,89,8
59,91,3
39,95,11
44,86,1
28,89,12
46,97,2
69,79,12
54,90,12
51,77,9
43,88,1
67,96,6
53,90,10
33,71,7
30,77,8
57,73,12
39,76,11
49,95,9
63,85,4
59,68,4
23,77,6
26,82,8
67,86,11
65,66,5
24,100,1
67,75,8
33,68,12
31,99,7
30,74,12
23,96,1
34,68,8
28,67,4
54,94,2
66,72,10
51,85,3
26,65,4
42,96,5
59,97,12
21,81,4
65,87,8
44,81,3
43,79,10
28,76,1
24,72,6
66,99,3
51,66,9
24,75,4
36,98,4
29,94,1
37,78,9
20,100,7
49,94,8
55,87,11
30,96,1
56,73,3
24,96,2
42,86,10
21,92,7
29,83,9
60,81,12
27,67,7
33,73,11
47,75,1
25,82,7
62,82,2
41,89,5
57,92,5
36,69,10
20,78,4
64,89,2
22,98,6
52,97,10
70,85,7
21,100,6
64,92,11
36,74,10
28,96,11
30,97,4
29,82,3
47,68,11
48,66,7
41,98,5
24,78,7
27,68,9
67,89,7
41,65,4
36,88,8
35,80,4
22,74,6
68,81,12
51,70,3
39,92,11
51,78,2
51,81,11
30,100,1
42,68,7
69,76,8
31,70,9
60,92,12
66,69,7
43,86,3
28,100,7
24,90,10
52,67,12
22,74,10
69,95,4
61,68,1
57,75,3
40,91,8
55,66,7
30,93,8
40,96,8
41,91,8
68,93,2
23,93,1
21,83,1
34,65,9
25,84,5
63,73,10
32,90,3
57,66,1
44,71,9
34,72,11
52,70,11
67,84,7
22,77,9
26,67,7
46,73,6
64,74,12
51,99,12
53,93,1
68,87,4
32,99,7
45,68,7
39,97,7
40,65,3
63,78,4
67,66,10
59,80,10
47,86,12
57,99,12
41,99,8
44,65,7
37,93,2
57,93,6
32,89,12
52,94,9
21,82,4
38,88,5
60,96,2
39,81,9
41,89,6
58,68,9
33,93,12
46,73,10
67,92,1
32,94,11
49,77,5
50,92,3
39,84,9
21,70,11
32,68,4
64,91,2
56,86,5
64,82,6
50,99,9
27,97,6
27,81,9
36,77,5
66,81,6
50,69,5
46,86,4
40,74,7
29,91,4
51,90,3
40,65,7
54,80,10
42,65,1
46,79,1
67,92,1
27,93,6
45,100,5
67,97,8
63,99,12
50,80,12
47,69,4
49,88,12
50,90,10
54,88,6
62,82,10
22,71,8
64,71,11
46,72,10
42,76,4
24,83,7
67,94,10
42,83,2
53,90,2
63,95,10
41,79,1
58,87,1
28,77,8
30,79,7
40,72,2
63,73,3
67,68,9
59,100,5
65,99,4
63,72,7
52,69,12
30,69,10
28,71,11
63,86,6
53,91,9
70,89,7
61,90,9
60,74,8
68,81,8
41,81,10
50,65,8
44,79,4
65,81,9
34,66,10
52,83,7
42,67,8
37,83,3
29,91,1
31,95,10
30,89,10
50,72,7
51,76,5
41,78,12
37,81,5
41,82,4
35,99,5
21,75,1
30,79,9
47,74,7
64,100,7
41,97,3
53,79,2
30,77,1
31,83,4
26,84,7
29,85,3
51,94,11
56,65,10
20,77,10
39,86,3
25,97,10
44,91,12
64,66,6
46,66,12
42,93,3
53,81,12
45,72,11
41,95,3
32,66,5
63,97,11
55,67,5
28,68,2
47,82,7
59,87,11
35,94,2
66,90,1
49,74,7
56,73,8
51,75,10
54,90,8
33,77,7
28,65,10
31,84,9
66,88,3
30,82,6
20,66,7
66,83,3
42,92,2
41,92,5
57,83,3
68,77,3
21,87,12
62,69,10
42,85,7
37,98,1
23,81,10
47,100,1
47,68,10
33,90,8
30,73,6
47,98,7
51,97,6
60,78,8
47,90,1
53,88,3
39,87,4
60,78,2
63,86,9
33,97,9
37,67,4
57,72,7
38,95,3
21,94,12
50,69,2
68,97,12
67,79,4
65,91,8
68,67,4
58,91,7
35,76,3
33,67,1
57,90,11
45,66,8
39,66,1
27,73,6
46,79,10
24,82,1
36,76,12
68,89,4
31,95,4
42,100,7
54,96,11
62,95,9
29,73,10
65,94,1
26,89,3
60,65,7
32,70,1
29,87,1
48,88,8
53,100,2
31,87,9
37,79,11
40,100,10
66,87,5
61,86,8
34,71,9
63,65,12
53,87,5
31,72,10
29,76,8
47,100,1
23,73,7
33,65,5
36,79,6
47,91,12
37,94,8
61,69,3
34,70,5
45,88,12
27,87,3
51,77,11
50,67,9
49,83,3
56,74,3
21,72,6
58,71,3
70,83,2
39,65,12
66,97,2
49,90,4
50,75,5
53,87,4
29,85,12
30,95,5
40,88,4
68,85,12
43,84,4
34,92,6
66,87,3
59,78,6
63,96,6
53,65,7
27,66,12
56,75,9
28,85,5
63,78,4
25,94,1
43,77,5
39,65,9
30,76,12
23,71,10
55,77,1
47,81,4
50,74,6
69,100,2
59,83,4
51,67,12
37,86,12
61,91,2
23,94,7
59,70,10
27,80,8
46,75,10
40,74,4
33,86,10
39,95,11
38,95,8
21,96,1
43,80,4
41,78,5
33,86,8
69,74,10
69,97,7
50,90,4
49,67,4
49,82,6
37,88,6
22,67,3
31,72,4
50,84,1
70,81,9
44,89,4
23,71,2
59,71,1
44,78,6
36,69,6
39,92,2
50,92,12
42,100,4
54,79,2
53,89,2
44,72,4
56,84,4
64,68,3
50,87,4
57,96,2
32,85,1
59,65,10
59,100,11
61,89,7
57,98,2
58,87,12
21,73,11
51,93,8
65,80,7
47,76,9
22,76,10
26,72,3
49,74,11
62,90,8
43,72,7
47,85,6
22,95,10
26,73,12
70,79,9
34,79,10
29,68,3
33,77,11
70,67,3
60,99,4
26,92,11
68,71,8
51,70,3
67,95,1
68,72,8
26,97,5
56,80,4
61,99,11
54,68,6
70,84,7
43,88,8
57,82,7
37,70,8
47,83,12
35,78,12
28,90,6
40,70,8
38,88,6
49,74,5
41,78,3
67,85,1
23,75,7
54,95,8
21,72,1
56,68,6
31,98,9
54,91,12
34,95,7
36,75,6
26,67,11
46,100,5
68,67,4
57,81,8
45,74,3
38,70,6
70,85,1
44,75,11
49,91,2
58,95,3
35,99,11
58,99,4
28,66,1
66,99,1
33,90,4
27,91,3
61,89,5
50,87,3
34,67,6
34,77,11
26,78,10
32,74,1
57,95,3
41,95,9
64,68,3
24,82,11
36,100,11
33,100,10
46,89,3
70,76,7
58,94,5
32,90,3
47,92,10
37,73,3
30,94,4
45,100,9
62,67,3
48,88,4
60,76,9
34,97,12
47,81,3
61,68,8
27,93,9
65,95,12
43,99,6
66,94,8
66,65,11
45,72,6
59,95,4
50,70,11
26,83,2
56,95,3
48,72,11
60,79,11
57,73,1
42,89,4
34,68,2
57,99,1
50,84,6
57,71,4
69,97,8
27,83,1
48,94,7
63,75,4
50,73,12
27,80,9
42,87,5
23,96,1
22,84,4
58,99,5
34,67,5
21,82,8
46,66,5
36,75,1
32,96,5
40,92,6
54,78,1
54,72,7
63,73,8
30,100,3
32,78,9
41,98,11
51,86,7
34,85,5
26,96,5
20,72,10
57,79,11
49,78,7
59,72,5
60,69,12
67,83,8
28,100,7
39,86,10
53,67,4
50,78,7
49,82,4
54,97,3
27,77,3
55,85,7
31,79,10
44,92,10
21,68,10
51,87,7
20,91,12
25,68,6
33,80,3
29,84,5
66,83,7
31,99,4
58,76,11
41,74,2
54,76,6
41,66,4
38,99,11
62,80,10
69,89,6
25,95,8
26,94,12
67,98,8
33,96,12
21,82,5
23,66,3
22,86,7
70,80,1
51,71,11
35,78,10
36,81,10
24,84,2
26,68,2
59,65,8
52,80,4
62,99,9
58,68,6
30,72,12
65,92,1
36,88,7
67,87,7
27,73,11
33,87,3
39,74,11
68,86,3
55,72,3
53,68,3
53,100,11
57,85,3
62,78,2
57,96,3
38,67,9
70,96,7
65,76,9
28,82,7
24,65,6
22,86,5
61,69,11
42,98,1
36,99,4
68,98,10
21,75,10
67,89,7
50,70,1
68,84,12
69,91,8
52,74,2
54,77,8
32,69,7
34,82,11
34,73,1
63,84,8
63,76,3
21,78,5
58,97,1
29,79,3
25,66,12
56,68,11
32,81,6
52,77,12
31,83,10
21,68,7
20,97,3
27,82,8
69,72,2
53,86,3
55,88,5
66,65,2
43,90,5
69,70,7
31,74,2
50,66,11
27,85,8
50,91,11
65,88,2
57,68,3
61,66,1
69,65,7
25,90,8
29,99,12
30,66,3
23,95,5
34,77,2
25,90,6
28,66,1
59,94,2
58,83,6
47,66,6
31,82,11
55,93,6
45,71,9
22,70,6
39,90,12
61,81,4
39,84,2
35,65,9
23,73,2
60,86,10
61,67,1
21,92,11
70,91,10
30,80,3
57,82,1
50,67,11
35,100,3
47,85,10
33,96,10
40,65,1
24,65,5
54,96,5
65,91,8
61,65,4
33,96,9
70,84,1
31,83,8
34,66,3
55,81,8
43,100,7
53,86,4
50,86,5
42,90,6
51,91,8
54,99,1
67,85,11
29,96,5
63,82,1
57,70,12
58,77,6
65,89,5
48,100,11
56,99,5
27,77,6
47,73,9
57,88,7
47,88,2
49,100,6
52,82,4
51,79,3
36,91,7
41,71,6
24,67,5
50,88,8
69,91,9
69,88,5
43,86,3
56,72,2
42,87,12
38,66,10
44,84,11
24,96,6
20,69,4
55,68,7
63,91,2
53,70,4
51,90,7
26,68,4
20,76,2
32,76,12
63,90,8
51,95,8
48,74,10
43,69,3
64,73,6
23,70,1
49,71,1
23,77,5
50,87,10
49,92,6
40,73,9
65,69,9
33,67,4
23,71,2
44,65,7
64,91,2
25,73,6
61,85,4
49,96,5
54,81,2
58,78,11
43,77,6
28,65,10
26,66,6
33,91,7
63,74,10
36,86,3
56,77,5
60,97,6
43,70,3
51,85,5
57,85,9
27,78,1
34,84,2
67,100,1
35,100,2
54,74,4
65,77,11
58,93,5
53,91,3
64,86,3
22,96,8
28,93,12
53,84,7
54,82,8
56,67,9
51,97,2
64,65,2
39,93,9
40,77,12
25,98,9
70,87,11
31,73,8
50,81,10
59,99,12
20,65,11
47,81,9
25,65,4
33,90,8
68,77,6
69,84,3
69,99,9
70,97,2
66,77,9
44,69,12
23,74,12
31,83,8
31,65,1
53,81,9
54,74,11
55,67,7
36,67,4
51,71,2
33,73,11
56,84,5
45,92,6
65,91,7
48,81,8
60,99,12
65,83,4
41,88,3
24,67,7
25,91,7
20,76,9
70,95,11
37,96,4
22,70,9
68,76,7
38,69,12
48,77,7
31,83,5
61,97,7
36,92,7
27,97,5
23,88,3
57,77,7
37,93,6
32,89,7
37,94,1
47,94,6
33,86,9
45,83,6
25,98,5
23,87,7
41,76,4
24,83,11
59,84,7
64,69,6
25,72,2
65,100,1
33,84,7
33,89,7
40,66,2
22,91,8
57,67,8
36,76,5
67,100,3
23,94,12
28,85,4
61,92,6
40,86,8
44,69,5
35,84,12
65,73,10
44,77,10
29,100,9
20,82,10
59,81,12
44,68,2
64,88,4
57,75,4
61,65,12
26,99,4
62,71,2
31,66,10
43,99,3
39,87,5
39,92,8
23,94,11
29,86,9
58,72,6
60,80,2
64,67,7
30,90,1
58,96,11
32,81,6
53,86,8
65,83,9
51,100,12
53,94,4
29,83,5
54,83,7
29,70,12
48,89,6
55,77,4
37,70,1
62,96,12
40,99,3
65,90,1
45,97,12
57,87,12
64,98,6
51,69,10
39,73,2
68,69,1
52,94,10
38,78,12
49,67,10
67,100,10
66,100,8
45,76,7
54,73,12
21,77,6
57,70,2
56,95,8
69,90,4
43,82,12
33,100,6
55,67,1
22,85,2
43,79,7
62,70,6
24,71,5
40,79,2
35,100,9
23,76,3
61,98,10
39,65,5
37,70,5
51,66,4
44,88,2
30,78,9
70,96,7
30,92,6
35,94,7
28,74,11
22,87,10
27,91,10
52,90,6
44,90,11
45,88,7
62,71,4
65,97,11
55,65,3
41,87,7
47,76,7
42,67,6
21,71,12
60,90,11
66,80,4
55,94,8
68,89,3
29,73,8
35,89,6
52,66,6
45,91,8
61,82,7
38,98,4
36,65,10
32,91,3
66,74,9
46,99,10
20,79,7
65,82,5
32,86,7
50,90,3
65,86,9
55,81,11
28,68,7
50,69,3
33,80,3
53,91,8
56,92,5
43,68,7
65,95,5
38,100,12
30,70,1
41,67,7
61,78,7
30,88,10
27,70,6
58,91,3
38,85,5
37,67,6
29,76,5
49,73,1
49,90,8
27,89,8
47,95,8
34,76,10
64,85,1
39,78,12
62,73,5
62,80,5
24,91,7
23,85,7
54,85,12
30,73,3
58,79,10
27,82,1
61,74,8
47,97,8
63,76,1
37,76,12
57,76,3
46,84,6
59,92,5
23,86,2
38,94,6
31,90,1
64,66,5
25,66,11
22,94,8
31,78,1
57,75,1
26,70,3
40,86,5
61,82,10
36,80,6
54,94,7
28,100,2
43,68,2
65,71,7
52,72,7
61,97,4
60,98,2
44,79,1
70,79,8
28,78,4
43,80,5
58,84,12
70,72,8
68,66,7
42,66,9
49,88,6
39,78,6
34,65,3
57,93,3
49,94,1
42,65,8
70,82,5
36,71,6
45,100,10
57,68,3
22,98,2
23,82,3
66,82,11
23,69,6
46,68,2
39,86,11
39,90,10
58,81,2
53,96,6
49,81,6
24,74,11
68,88,1
70,99,3
62,78,4
67,76,2
28,93,10
27,80,9
43,86,4
33,79,6
43,86,11
32,87,6
43,93,3
60,68,1
41,70,4
69,86,2
68,100,7
43,82,12
36,80,6
49,74,9
64,83,10
22,71,8
66,69,11
48,74,2
29,92,8
59,80,11
29,80,11
24,76,10
37,66,11
21,79,10
29,74,8
29,67,11
48,65,12
23,70,3
47,72,3
45,92,9
23,67,5
39,89,12
51,89,1
39,88,5
26,77,3
65,75,7
31,89,5
60,65,9
36,79,3
63,85,11
43,76,11
35,80,9
33,93,2
44,92,1
26,78,6
30,74,11
46,72,7
34,67,7
53,84,2
29,72,12
50,87,11
59,88,7
30,92,10
25,88,4
66,83,7
53,100,12
23,89,6
25,86,12
58,78,8
47,95,6
68,77,12
42,85,6
38,87,11
20,67,5
66,67,3
28,70,4
43,99,8
39,81,7
32,65,4
41,91,12
52,69,8
37,93,6
67,91,3
40,68,6
45,82,11
63,69,7
42,69,7
53,82,5
37,84,8
55,65,5
44,89,12
37,93,3
21,90,10
65,94,2
66,92,7
64,97,3
45,86,5
20,84,12
23,77,3
34,95,2
44,75,7
66,84,9
59,76,10
29,66,5
24,93,9
48,85,9
55,69,7
59,90,5
37,71,9
35,94,3
40,95,10
31,79,7
70,72,7
46,67,3
26,92,5
38,100,6
24,97,12
30,85,8
30,80,2
42,83,5
68,90,3
69,98,8
20,75,7
70,78,2
44,75,7
67,78,5
41,93,6
24,68,7
56,84,2
61,75,8
24,68,10
25,94,2
25,79,4
32,74,1
40,80,1
54,66,5
21,74,11
41,78,11
65,83,8
47,86,7
52,85,10
42,72,10
55,71,2
45,72,1
50,90,9
43,85,7
63,75,8
60,73,5
60,81,1
21,89,1
34,96,9
53,88,5
59,83,11
47,65,10
36,99,10
30,70,10
24,83,5
50,95,5
61,85,7
37,87,5
57,65,6
28,86,6
40,77,3
48,78,7
31,94,11
26,73,10
44,83,10
47,86,10
27,68,10
63,99,1
59,91,10
20,78,1
45,77,3
65,82,12
20,82,12
23,100,7
58,78,8
31,84,2
54,87,2
40,85,1
36,96,9
44,91,9
60,98,6
40,95,9
59,92,12
53,84,7
31,89,6
55,70,5
52,93,7
65,98,2
57,85,4
47,90,6
25,72,11
70,99,8
34,94,10
37,86,11
45,67,7
42,79,11
54,80,6
29,97,1
41,83,1
32,69,10
57,92,12
31,85,11
35,75,10
61,70,2
27,79,7
36,88,1
49,77,8
56,94,1
61,73,3
69,77,12
25,83,10
57,100,8
59,91,10
64,71,12
58,80,1
42,89,2
29,73,11
44,83,6
68,87,3
51,95,10
34,65,9
37,89,7
29,68,8
60,87,8
20,79,9
39,65,5
60,92,3
33,78,6
28,96,2
62,87,5
59,98,10
55,96,1
39,89,1
21,70,11
30,79,3
59,100,4
53,90,11
44,92,2
70,66,7
44,71,9
23,75,12
40,85,3
40,90,8
63,73,3
46,90,12
61,94,11
24,73,8
59,94,8
43,100,8
53,93,2
58,78,1
64,76,4
53,93,10
23,67,4
30,67,12
63,89,4
26,74,7
38,87,6
60,93,6
70,99,9
47,86,12
30,91,2
66,71,8
52,76,7
32,85,2
53,73,4
61,69,1
22,71,5
36,78,11
62,85,6
22,78,4
45,82,2
55,91,3
44,88,5
44,95,5
50,78,10
22,79,5
25,77,3
53,69,7
56,100,2
49,66,8
24,70,12
27,95,11
29,79,4
50,88,2
29,68,1
58,68,9
37,66,9
37,89,3
32,68,12
49,100,4
46,97,7
54,76,12
42,65,4
49,71,8
62,94,8
22,81,11
70,73,1
25,96,2
58,69,1
31,76,3
21,76,11
33,75,8
52,93,3
27,76,11
26,94,8
39,89,10
50,94,3
22,65,6
57,68,3
24,99,12
33,98,4
60,87,2
46,92,8
28,67,7
20,84,8
56,84,2
33,94,6
20,90,7
50,96,1
63,69,9
31,92,2
37,73,2
35,84,12
33,83,7
46,67,9
40,70,9
70,98,8
60,70,10
43,91,3
67,89,1
44,83,8
65,100,5
67,95,12
23,67,4
68,65,10
56,73,12
35,89,1
38,92,6
47,82,5
21,98,10
31,69,5
58,82,2
23,97,11
45,81,2
69,93,7
64,90,3
51,74,5
35,78,7
29,90,10
27,99,2
26,71,10
47,99,3
20,91,11
53,94,1
38,73,5
61,96,6
27,65,11
21,100,6
67,79,9
31,88,3
36,74,11
69,91,12
57,65,12
44,82,2
39,84,10
37,83,8
40,88,12
51,86,7
62,74,6
46,70,12
21,84,3
27,66,1
26,96,8
49,72,7
30,91,3
33,74,10
28,75,7
46,78,4
36,80,3
70,87,6
55,88,5
67,88,12
43,94,6
32,97,9
30,91,2
54,77,1
27,83,12
42,68,9
27,97,9
35,74,9
47,89,7
53,92,5
47,82,12
51,76,11
56,99,10
23,92,3
36,95,9
70,100,8
68,96,4
52,81,11
69,78,5
37,81,8
70,65,3
26,79,8
51,68,1
21,83,6
39,98,5
68,80,3
43,75,8
51,66,3
27,69,12
59,95,8
23,91,3
36,96,8
42,71,9
60,85,12
32,99,3
21,76,3
56,100,12
47,75,11
29,71,9
59,66,2
69,83,3
41,97,5
28,83,12
51,87,8
56,68,2
69,84,12
49,90,1
31,93,1
48,89,10
35,79,9
26,98,3
51,76,11
32,99,8
41,93,12
38,89,10
34,94,9
43,79,5
21,97,4
23,87,8
29,93,2
20,90,5
63,72,3
66,80,5
52,75,11
69,88,7
62,93,8
37,72,10
44,82,11
26,72,11
59,73,6
42,94,4
60,91,11
31,68,4
32,71,5
66,94,3
52,92,11
47,90,4
33,92,10
43,92,9
67,80,8
53,87,4
45,74,2
45,92,10
45,95,11
30,100,2
37,90,4
27,93,3
59,79,5
69,77,4
69,92,6
54,65,8
42,70,9
62,93,12
55,68,4
70,97,10
35,100,6
24,66,5
34,73,4
62,99,4
29,79,6
24,92,8
60,92,3
20,68,7
62,71,7
23,99,12
47,98,3
29,70,6
35,75,5
67,98,10
43,86,12
63,65,4
23,89,5
47,93,1
61,99,6
28,83,12
37,75,2
52,71,11
24,72,2
23,70,4
43,82,12
30,90,4
39,81,1
35,67,9
28,80,6
56,100,2
60,69,6
47,92,2
44,77,8
26,98,6
23,81,12
31,80,9
65,91,10
68,71,6
30,67,9
48,79,7
21,94,4
46,78,1
51,74,6
26,73,5
38,73,6
55,87,1
50,78,6
26,71,9
34,69,3
50,72,2
32,93,2
28,82,6
25,69,12
60,80,2
53,65,12
34,70,8
44,73,7
46,99,12
28,87,12
60,68,11
66,67,10
44,95,9
30,74,2
31,86,6
51,70,4
51,87,2
39,90,7
55,81,4
39,82,9
28,94,6
42,70,4
29,91,5
39,94,7
55,97,7
53,74,9
36,75,10
68,76,11
45,95,7
58,93,10
33,96,9
22,74,8
36,90,1
31,98,3
56,79,4
44,77,5
25,96,4
37,93,10
33,100,8
60,87,4
24,68,4
55,69,8
61,71,6
27,96,6
29,80,8
22,66,4
30,73,8
20,78,9
68,81,2
61,84,9
22,77,7
66,68,3
39,66,8
38,76,11
25,93,10
37,66,2
23,76,8
37,68,5
40,81,7
49,78,11
45,95,10
59,76,10
66,94,3
38,66,11
34,85,12
37,95,3
61,70,9
29,90,8
68,68,7
50,81,10
43,80,10
69,82,2
28,96,10
32,92,9
46,94,8
21,79,10
29,100,9
66,80,12
44,72,2
67,85,12
41,97,7
69,71,3
52,93,8
22,73,12
45,96,4
64,100,8
48,88,8
42,90,4
26,69,12
20,89,6
58,73,7
47,67,9
56,66,5
66,99,5
41,72,12
68,78,12
23,93,12
54,70,3
37,80,4
61,97,4
68,94,2
55,76,2
30,78,5
23,100,9
39,73,12
41,99,3
50,69,1
57,100,4
49,96,2
56,94,1
59,84,8
59,90,10
23,95,5
41,71,1
47,85,5
64,100,12
27,90,7
37,79,2
26,81,11
38,94,1
43,74,8
61,84,7
23,91,1
33,99,3
51,86,2
65,66,8
49,70,1
53,89,8
23,82,3
37,66,7
54,66,10
34,73,2
69,99,2
27,80,7
70,81,5
38,92,5
66,95,11
24,70,3
46,76,12
37,71,4
63,81,1
50,84,4
20,77,1
63,100,3
36,94,8
38,91,1
59,93,8
31,69,8
43,89,1
59,80,12
58,68,2
62,76,5
54,83,10
44,99,1
40,85,12
40,70,4
37,74,3
23,76,7
59,70,7
28,65,6
20,78,11
38,69,4
29,72,6
70,66,10
55,97,5
39,91,10
28,99,6
31,72,9
64,81,5
45,99,1
44,75,9
48,65,9
43,93,6
54,81,4
32,82,11
31,72,10
58,82,4
35,88,7
66,79,5
37,65,3
36,87,9
49,65,3
52,88,6
50,72,12
27,65,12
51,98,2
54,68,1
54,93,7
41,79,10
38,72,7
44,92,6
63,68,1
21,71,6
54,90,9
52,82,2
55,78,6
70,76,5
24,90,5
53,74,6
42,80,2
60,69,1
20,91,6
57,82,9
34,77,7
30,66,8
52,71,5
51,92,2
52,95,8
58,100,6
27,78,4
52,72,12
34,89,9
35,68,12
26,82,9
67,67,2
56,75,5
20,77,1
57,65,3
70,99,7
59,83,8
36,96,11
40,78,3
50,96,7
55,83,1
69,71,10
21,99,8
24,78,7
34,68,9
32,97,4
62,94,2
42,93,2
22,68,5
27,70,8
67,69,2
34,99,10
58,89,6
40,88,4
61,83,7
35,65,4
39,89,12
66,94,11
69,70,3
25,76,8
69,84,8
53,69,3
58,73,11
27,86,6
70,68,8
50,95,10
64,81,6
58,82,5
29,90,3
42,89,11
57,97,3
39,75,2
27,88,5
38,75,4
21,100,7
69,84,7
62,82,1
66,82,7
25,69,4
45,76,8
36,95,7
68,79,5
55,93,7
25,73,5
63,68,4
52,92,10
47,80,2
26,68,11
29,98,11
50,97,7
53,71,3
55,65,11
48,90,8
32,82,12
30,73,7
27,84,6
33,83,10
24,95,6
46,96,3
31,87,8
43,92,2
52,93,12
66,67,4
60,66,3
46,94,10
55,75,8
49,73,2
27,93,4
64,69,7
38,73,8
36,89,10
20,65,6
44,73,5
33,79,8
26,85,8
21,73,6
52,84,12
24,87,7
55,88,12
58,69,6
23,84,3
42,84,12
58,76,7
40,82,10
47,88,2
37,69,10
65,89,7
68,73,3
23,92,8
23,91,4
41,84,11
53,89,10
29,69,12
24,75,11
67,94,5
70,70,5
43,90,12
52,68,12
45,68,8
24,67,7
25,85,1
21,68,11
60,93,5
38,86,4
45,84,3
34,83,9
29,73,3
68,71,3
63,87,10
35,68,6
44,87,4
52,65,12
30,67,12
49,70,10
29,75,2
24,96,6
60,71,10
69,97,12
51,73,7
24,71,3
52,93,10
24,92,7
28,89,7
33,84,3
54,78,8
37,72,2
64,92,5
58,86,2
42,93,6
20,68,9
30,71,11
48,98,3
23,65,2
58,85,7
32,96,7
60,78,9
42,84,10
49,91,7
54,67,9
65,89,9
45,73,6
55,84,1
64,83,7
52,69,9
40,78,12
33,92,4
28,89,7
44,98,9
31,98,10
23,68,2
59,69,7
31,86,3
30,99,2
42,83,8
55,92,1
27,98,7
50,96,12
24,69,8
58,79,9
45,88,2
28,78,7
55,81,3
50,86,1
43,89,4
63,83,7
55,77,7
47,69,6
53,95,12
28,96,5
63,72,12
29,73,12
27,83,4
52,92,8
26,75,8
61,83,10
57,74,3
70,97,8
56,71,12
49,83,8
44,66,12
51,89,9
56,82,3
39,97,12
45,65,1
59,71,7
50,90,7
58,89,12
49,74,8
44,95,9
36,99,7
45,89,9
32,72,4
52,67,11
46,82,7
63,72,10
29,81,7
30,89,12
61,85,4
35,96,11
50,96,7
46,88,6
62,82,5
53,66,10
59,68,6
68,98,8
30,98,7
50,72,3
70,82,10
53,85,12
32,89,9
63,98,8
25,98,12
57,76,8
56,89,1
40,91,12
49,92,5
21,80,9
66,86,5
44,86,2
37,90,2
44,89,12
28,84,3
41,79,3
67,73,4
37,95,7
49,92,1
26,79,6
26,73,8
47,97,7
20,65,11
40,89,4
40,78,11
47,71,10
33,65,11
24,93,10
37,89,8
51,92,1
35,86,1
54,88,2
38,99,12
53,97,3
68,95,12
46,67,3
29,76,6
29,84,3
31,82,2
50,74,8
46,85,7
42,97,12
64,81,3
47,73,1
28,98,9
49,89,3
64,83,3
32,97,7
38,82,2
44,95,12
48,67,10
70,92,4
45,95,12
47,87,8
53,94,9
22,96,4
47,76,4
44,84,2
31,69,10
22,65,4
58,74,2
67,70,8
36,80,10
46,77,5
53,90,12
63,89,11
54,66,10
65,97,8
59,86,2
46,73,1
66,87,3
31,76,8
32,70,9
29,66,12
59,93,3
30,95,9
28,95,11
43,84,4
51,95,4
70,85,1
35,71,1
44,76,5
33,92,3
25,99,9
44,94,8
57,94,10
37,67,4
60,92,6
57,76,6
44,87,12
48,65,12
65,86,9
58,81,11
35,79,5
55,96,1
35,65,11
50,66,5
28,80,3
28,72,7
49,65,6
37,75,11
47,100,9
34,77,4
34,89,6
60,99,5
57,98,8
64,73,4
60,94,7
40,77,2
38,82,2
38,96,3
33,98,2
67,82,5
29,75,10
35,78,2
36,69,11
45,99,1
43,95,12
60,99,8
34,76,3
30,99,9
68,67,12
43,85,5
65,70,1
51,88,1
51,93,10
27,65,12
64,68,11
22,79,11
49,69,4
50,99,1
26,87,4
65,77,4
53,86,1
29,87,5
30,78,2
47,73,7
56,79,9
48,92,5
57,85,5
68,94,12
70,76,5
48,71,10
54,74,10
41,72,4
52,70,6
38,88,11
29,100,11
61,75,8
52,100,10
61,71,10
52,92,11
20,89,9
21,99,11
30,87,3
44,80,11
46,86,9
54,99,3
70,79,12
40,76,3
35,97,3
52,79,7
70,71,11
33,72,3
25,76,5
69,81,3
67,79,2
56,68,3
51,92,7
21,92,5
29,94,4
54,96,9
47,80,4
47,67,2
40,73,7
32,74,10
59,87,9
21,65,3
40,83,6
43,65,1
20,97,11
37,74,3
69,71,11
31,70,4
49,67,3
43,90,5
59,88,8
68,82,5
49,65,10
41,91,9
30,86,7
50,79,9
21,97,7
33,72,2
44,69,2
55,100,2
30,65,6
56,73,2
67,94,8
31,84,9
31,84,6
43,85,4
39,74,4
62,83,12
36,85,5
58,99,8
70,76,7
22,67,7
58,82,11
62,70,1
26,85,7
48,83,1
49,72,9
41,93,9
23,73,12
29,89,10
62,81,10
45,85,5
28,75,5
38,81,1
65,66,11
47,77,10
64,82,3
56,70,6
31,89,4
55,84,7
41,87,3
30,97,9
34,96,4
37,92,4
45,79,6
43,99,1
49,76,8
54,78,10
57,94,6
41,90,2
59,87,8
45,73,7
35,82,11
46,68,9
31,83,7
57,93,6
24,68,8
44,90,9
20,77,4
56,73,9
52,76,5
67,85,11
43,84,9
49,78,10
56,89,5
53,88,11
35,98,6
22,71,4
38,66,3
69,66,12
55,69,2
27,96,1
43,70,12
59,76,6
35,100,1
30,65,8
51,100,4
42,89,8
61,83,6
23,69,10
33,72,2
44,87,11
30,65,1
41,94,7
63,88,8
64,98,2
70,83,12
30,93,9
26,99,8
24,77,3
38,68,4
67,79,3
55,70,8
40,75,4
57,82,7
25,88,1
26,68,12
45,76,5
39,97,3
62,80,4
31,94,5
60,96,9
70,99,1
50,66,11
25,69,3
40,73,4
48,79,7
57,89,8
41,100,4
28,72,6
34,86,7
28,67,10
40,81,3
45,94,12
56,77,11
29,69,12
59,81,1
51,100,3
43,90,2
66,75,10
41,74,5
25,84,10
49,94,10
43,87,2
65,93,10
53,100,8
47,100,1
69,86,6
57,80,1
62,74,1
26,91,8
20,72,4
20,69,8
48,93,3
25,86,10
51,85,12
48,88,6
51,66,7
27,97,6
23,65,7
58,72,6
36,99,6
29,96,5
39,88,7
52,82,3
36,66,6
22,78,10
65,90,2
46,76,8
47,71,4
27,68,12
63,100,6
56,78,1
38,100,9
61,85,2
28,92,10
24,82,5
63,82,1
44,98,6
67,91,3
23,98,7
41,80,1
53,90,2
40,100,5
42,90,8
53,77,7
28,88,12
20,82,6
23,87,4
25,90,4
64,97,4
70,94,10
27,95,9
69,73,3
22,85,6
60,66,11
33,93,6
66,79,11
49,81,7
62,71,6
56,86,4
37,88,2
44,85,11
46,73,10
62,92,3
62,66,11
23,73,2
35,88,12
33,68,9
32,88,3
24,95,9
48,69,12
57,73,12
59,70,9
33,72,1
65,82,9
58,68,11
28,74,12
49,96,4
40,65,10
34,73,7
49,87,7
45,96,11
34,92,8
23,84,8
22,100,11
53,95,9
58,66,8
52,78,8
59,72,1
50,90,12
61,75,3
56,72,2
58,76,12
61,99,7
70,78,4
58,91,3
24,100,9
32,76,4
56,90,10
34,90,5
38,75,10
55,96,2
69,78,1
54,83,11
45,80,8
68,95,5
69,100,2
34,78,10
35,94,4
33,84,9
46,80,7
48,72,3
23,77,9
45,80,12
66,67,10
43,68,4
60,84,9
64,91,10
21,78,1
35,85,8
23,81,7
62,71,7
45,88,9
23,69,2
20,75,10
33,87,7
55,74,10
30,72,8
64,94,10
30,93,7
58,74,6
52,71,8
32,89,6
41,67,3
65,71,8
33,77,10
20,87,5
67,80,10
60,66,6
37,84,7
61,99,5
54,78,7
60,93,1
67,91,9
31,76,2
20,90,9
47,95,2
57,99,4
43,89,3
34,100,11
48,81,12
54,65,2
37,68,5
34,77,11
25,82,9
24,73,4
36,96,11
63,100,4
54,77,3
41,91,5
64,68,8
26,65,2
48,82,2
27,72,3
56,83,11
47,91,2
62,84,2
44,98,1
57,73,2
45,84,7
28,88,12
54,96,8
55,95,12
46,72,9
68,85,10
62,80,11
23,67,12
48,72,11
33,92,4
34,71,8
20,95,8
64,94,10
39,68,11
26,100,6
34,87,7
33,65,6
31,65,11
27,77,11
69,88,12
57,72,9
38,72,4
69,92,2
42,86,2
22,69,2
23,100,2
37,66,5
42,96,5
70,71,12
64,99,2
58,81,3
70,88,8
28,89,9
62,95,7
51,88,2
52,93,4
42,77,4
40,73,12
32,96,3
68,79,4
28,79,2
69,100,1
41,75,10
29,73,8
37,86,7
29,76,4
54,93,1
43,75,1
46,88,1
25,95,3
49,89,1
69,71,3
24,72,11
40,76,1
57,95,12
26,84,3
63,89,2
40,88,6
68,72,2
44,77,9
24,100,8
20,87,9
49,85,3
55,97,6
20,93,8
64,93,12
36,84,11
62,89,9
64,85,4
45,74,1
56,95,7
20,83,2
42,99,3
20,91,1
44,84,1
33,85,4
28,100,12
54,96,11
41,81,3
49,89,8
23,80,9
33,81,7
67,72,6
37,89,6
62,93,11
56,78,2
42,98,11
37,72,1
34,70,1
21,74,8
21,85,8
49,83,9
68,95,4
36,82,12
58,69,12
59,71,9
46,92,5
20,67,3
57,69,6
63,79,7
69,76,10
62,69,10
21,69,3
34,70,7
22,98,2
63,76,1
65,90,7
23,87,3
52,99,3
41,89,4
57,68,9
27,96,11
69,90,3
55,68,12
56,96,7
48,73,6
67,82,4
35,69,4
66,94,1
57,96,10
62,100,2
70,84,12
30,79,12
30,76,3
63,85,3
26,85,7
44,93,3
33,97,5
39,69,5
68,65,12
35,94,7
47,72,3
59,70,7
59,98,11
48,76,8
48,74,6
43,78,9
44,77,6
58,80,10
25,80,11
61,83,6
38,92,5
20,88,3
51,94,6
46,76,6
41,86,8
65,76,12
34,85,8
52,85,6
45,66,8
48,98,7
66,97,12
51,86,10
50,84,8
21,83,6
63,85,6
25,74,9
27,97,12
40,80,3
45,78,10
61,79,6
51,70,1
47,66,5
50,67,2
67,86,7
27,95,4
36,88,12
63,67,6
24,77,3
51,95,3
36,83,1
38,88,6
35,71,9
70,88,2
43,100,11
65,89,9
21,96,10
30,86,8
43,72,2
61,74,4
46,69,10
44,67,2
57,94,11
65,88,12
56,90,10
47,77,3
61,86,4
63,92,9
31,78,9
33,73,4
67,75,11
23,86,4
51,69,4
62,92,6
26,87,1
66,86,1
38,85,8
62,81,1
28,78,4
40,68,12
27,72,2
37,79,5
49,72,4
41,72,1
48,99,4
28,81,8
62,79,7
37,96,6
69,92,3
22,79,6
39,84,1
22,96,12
63,82,6
35,98,8
45,99,10
51,82,8
60,87,12
41,85,4
48,99,9
37,97,1
51,97,11
26,67,11
35,69,11
35,93,5
59,77,9
50,75,4
66,89,7
52,97,7
58,67,8
36,77,10
68,100,3
50,66,7
57,91,10
51,73,6
70,100,10
57,81,8
24,85,8
33,95,2
31,75,6
33,96,4
60,71,10
58,94,6
57,76,5
23,85,9
50,76,4
69,80,10
69,91,10
34,84,1
59,69,6
25,83,1
64,86,1
48,75,7
25,100,1
61,74,7
62,97,5
63,78,12
22,98,3
54,80,1
47,99,2
67,86,4
67,71,3
68,85,2
66,97,3
53,67,9
32,85,11
33,76,1
27,83,10
45,86,4
57,78,8
30,85,2
30,80,5
37,91,6
64,83,10
56,81,8
37,78,11
55,71,8
62,74,3
49,82,6
59,95,1
36,65,11
24,99,6
64,79,12
27,87,7
36,74,6
64,95,4
38,71,1
51,69,4
28,93,12
28,100,6
36,88,10
50,68,1
23,99,9
63,83,7
35,80,2
37,80,10
29,85,5
69,69,3
46,91,4
26,90,10
31,89,1
52,95,12
26,75,5
59,73,11
26,71,8
29,84,7
50,82,11
20,72,10
33,71,11
51,78,7
61,69,10
26,97,2
28,79,12
30,84,1
48,77,9
33,94,9
43,69,2
26,78,7
35,69,7
61,77,10
55,86,8
41,99,7
36,71,9
51,67,9
40,73,8
40,66,3
24,72,7
41,94,12
37,88,4
65,99,7
33,77,3
43,81,2
67,65,12
60,97,9
45,69,7
64,95,2
47,69,7
39,85,12
56,87,12
41,80,7
31,83,10
24,80,2
40,73,3
31,74,11
36,86,10
37,83,5
34,95,7
36,68,5
21,88,3
50,84,12
29,80,10
37,99,5
51,89,10
46,77,12
70,91,10
22,84,2
51,65,2
57,94,5
58,97,9
41,68,5
61,97,9
42,70,11
55,92,11
49,91,1
69,98,3
33,72,7
62,87,6
67,99,4
25,74,8
27,75,4
39,99,2
31,97,3
63,81,8
68,65,2
49,89,8
21,84,8
25,66,8
28,71,9
56,67,10
54,66,4
38,71,3
67,86,3
36,69,10
35,89,5
44,83,11
56,87,6
38,81,6
26,76,5
25,94,10
55,71,4
36,100,2
29,89,9
29,100,3
36,77,5
37,86,6
57,90,9
54,88,9
69,73,3
47,76,8
64,72,7
41,71,2
36,93,9
64,70,4
31,69,2
63,81,6
51,77,4
59,73,5
38,79,4
51,92,7
29,76,4
27,75,8
43,74,10
26,75,10
45,90,10
68,99,6
35,84,11
27,87,2
52,98,4
58,88,1
66,86,1
34,84,6
38,72,12
67,100,1
54,79,3
47,95,3
55,91,9
58,78,4
51,93,12
22,76,3
42,79,11
57,67,3
26,89,4
68,99,9
61,86,10
26,71,8
29,81,1
48,95,12
64,92,5
65,89,12
47,79,10
38,73,6
39,76,9
69,92,6
60,80,2
24,95,7
55,73,11
53,68,10
22,99,1
21,79,8
32,84,6
63,82,1
47,97,7
31,69,6
41,90,3
45,79,6
57,69,1
26,86,11
32,94,9
52,73,6
44,98,8
44,88,8
69,80,12
65,95,2
52,78,7
43,98,7
60,78,6
47,83,6
55,75,7
64,100,10
69,76,6
65,100,4
33,92,6
67,75,6
52,95,10
56,90,3
43,95,2
68,90,9
36,92,10
28,91,1
55,69,9
45,71,1
50,70,7
31,79,10
65,88,6
46,88,4
51,88,9
62,68,11
32,69,9
60,75,8
20,98,12
63,76,1
29,98,12
66,67,11
47,81,2
45,71,5
22,83,8
47,78,1
31,89,4
42,78,9
21,86,10
21,90,2
20,78,1
52,78,11
44,77,1
33,82,5
63,91,6
46,73,8
59,93,4
66,86,3
52,70,1
64,80,2
34,82,12
31,93,3
42,83,8
48,85,10
44,75,11
66,67,7
32,96,9
29,82,9
27,95,7
44,92,6
52,100,5
47,68,10
42,90,8
45,68,8
35,79,1
35,81,4
53,82,4
44,100,3
30,71,2
36,84,11
49,72,9
50,66,5
42,85,9
49,91,5
36,81,9
49,90,7
69,91,2
56,84,6
60,67,6
21,70,8
31,68,7
63,76,5
49,98,1
65,85,2
58,94,6
48,82,12
47,86,4
53,84,1
52,86,8
50,92,2
35,90,3
26,68,11
63,95,1
53,70,10
59,84,5
21,99,11
69,91,11
48,86,9
62,94,9
36,95,7
35,86,3
69,88,11
48,85,11
50,67,5
33,94,1
30,93,2
54,91,2
37,90,11
42,80,3
56,98,1
28,96,9
35,100,12
38,74,1
31,78,6
34,80,1
24,91,6
48,96,3
41,86,9
54,78,9
57,100,3
40,71,1
25,67,5
57,92,11
24,76,8
47,89,6
42,90,6
30,93,5
47,87,8
62,70,2
24,97,10
63,98,10
60,99,7
42,88,11
25,83,11
69,81,7
25,76,1
23,78,4
59,88,11
26,85,1
61,70,6
23,98,6
38,72,1
54,68,10
64,92,3
34,95,3
37,98,1
46,70,6
28,86,8
66,93,5
20,82,4
23,66,3
25,99,6
20,75,10
26,93,3
59,69,4
69,79,7
45,82,2
29,77,3
27,65,10
31,87,8
26,78,4
60,99,4
25,91,9
38,80,9
37,99,10
24,98,7
70,72,7
51,82,6
66,65,2
47,83,12
69,67,4
20,89,10
25,82,1
70,79,9
39,71,6
34,85,4
40,79,4
62,72,5
53,93,2
66,98,9
62,83,3
47,72,2
54,99,9
28,65,1
43,87,8
46,88,4
63,100,8
64,92,6
52,77,7
58,72,5
47,77,1
28,96,1
36,70,5
56,91,2
62,89,3
33,91,3
48,96,7
70,95,10
64,92,5
33,89,10
46,75,1
50,80,6
65,72,1
45,87,9
62,94,4
45,89,5
29,98,3
67,84,9
42,98,12
52,87,3
39,100,12
22,100,2
46,87,1
23,81,7
22,97,8
55,85,7
56,97,5
66,99,2
69,71,3
54,67,4
20,77,9
23,65,10
21,65,12
22,77,1
69,76,5
48,87,12
68,99,4
20,84,1
44,93,8
20,74,2
29,90,4
47,70,8
56,85,1
52,69,9
38,75,11
24,67,1
65,86,9
59,68,11
28,85,7
64,99,11
58,88,11
57,70,2
39,96,11
67,78,6
68,69,3
25,79,11
25,98,6
53,84,3
35,81,10
28,78,6
59,98,10
40,68,2
37,74,9
65,80,2
45,73,7
61,66,1
21,92,2
28,68,1
31,69,8
57,95,11
68,75,8
34,100,3
47,79,10
55,94,1
63,65,2
67,85,1
37,92,2
61,80,7
31,87,9
39,91,4
67,70,9
40,66,5
44,95,4
36,93,2
41,84,3
41,67,10
61,65,6
59,96,12
23,85,12
38,79,11
64,81,10
70,89,12
42,73,9
45,75,12
64,76,10
28,77,4
62,98,9
50,95,3
70,94,3
60,91,2
39,69,9
49,85,9
59,82,3
28,84,8
30,83,7
65,81,9
23,83,10
32,66,1
35,69,9
28,89,5
29,96,1
56,92,7
23,69,12
46,96,2
35,68,12
65,87,1
49,74,7
39,85,6
36,96,7
52,79,3
65,100,12
27,78,12
55,86,12
68,85,10
40,84,6
29,86,10
52,95,7
43,90,8
41,74,1
25,94,7
24,84,12
62,78,11
20,90,6
35,84,4
60,79,6
66,91,8
54,94,11
55,100,1
70,81,8
48,81,9
41,81,10
34,89,2
58,100,1
57,87,3
37,97,6
61,84,2
41,78,10
59,66,9
67,99,8
61,99,1
64,87,6
38,71,5
44,99,7
51,75,10
31,100,9
31,95,3
52,96,4
24,94,1
70,71,9
34,82,7
69,78,5
68,74,5
35,85,12
24,99,3
47,87,4
68,71,10
27,70,3
27,68,6
54,70,10
32,87,3
68,93,5
45,99,9
43,75,9
61,92,7
34,93,3
60,84,12
50,73,10
55,99,2
48,84,1
54,80,6
55,97,4
69,94,5
42,68,9
29,80,11
26,72,6
25,96,11
37,86,7
41,100,11
67,92,9
48,90,2
37,68,2
54,70,3
68,74,5
58,81,12
56,99,4
45,92,3
61,99,9
67,98,9
44,67,1
67,76,4
33,87,8
58,95,12
66,72,2
31,71,2
65,76,6
55,85,6
57,75,2
25,70,1
69,75,6
65,74,12
64,87,11
56,79,9
42,94,7
34,100,5
26,76,6
59,77,2
68,75,7
61,70,8
53,96,4
41,99,3
28,98,3
67,80,12
21,77,12
51,85,5
34,83,5
31,81,5
68,88,6
32,88,1
60,99,6
39,76,9
44,83,1
50,69,3
38,96,6
20,68,8
67,70,5
65,89,10
48,68,5
63,89,5
41,92,11
27,89,4
46,85,10
30,84,12
33,73,3
24,96,12
57,71,4
66,66,2
44,98,7
49,82,9
38,76,9
48,79,12
33,89,7
65,76,8
28,94,2
20,69,9
65,97,6
63,89,11
32,90,1
40,81,9
64,68,6
61,73,2
66,84,10
65,81,11
21,96,6
57,87,10
31,84,11
52,80,5
49,73,7
30,75,8
27,91,4
42,78,10
64,70,6
53,70,4
40,66,8
33,67,2
54,69,11
29,99,4
24,96,8
22,87,12
20,91,12
68,98,5
35,88,10
48,95,6
40,97,4
57,98,11
48,69,8
22,91,1
66,71,10
55,88,7
24,78,9
54,73,5
31,68,6
21,100,9
48,86,3
27,74,1
43,94,8
42,86,5
44,92,4
61,89,8
57,95,12
58,96,3
43,92,2
32,67,12
32,99,9
22,89,4
59,85,8
33,99,6
44,83,5
44,87,3
68,89,12
45,90,5
24,85,6
51,73,8
62,97,11
52,72,11
33,84,4
44,88,8
46,85,9
46,71,5
21,95,3
55,74,6
57,90,3
24,87,1
68,80,5
69,80,1
27,66,2
47,69,12
68,86,1
65,93,3
69,91,3
42,96,1
29,83,2
65,94,2
43,97,10
20,85,2
45,98,5
70,76,7
27,88,4
46,89,3
30,98,12
47,97,4
36,71,2
48,73,6
42,97,3
25,77,3
63,93,2
38,97,8
24,93,9
58,66,7
48,85,2
53,78,7
23,77,6
22,68,10
57,99,9
63,70,12
47,81,5
42,72,2
33,73,3
37,76,2
29,75,7
42,78,1
31,98,2
65,97,7
42,90,5
48,85,12
30,75,5
33,83,10
31,93,3
49,81,8
66,91,5
50,91,11
37,93,11
69,90,3
55,76,9
47,76,8
41,80,7
32,75,12
45,100,2
67,93,7
41,95,5
50,97,4
21,100,4
46,100,6
54,97,7
27,80,3
22,70,5
41,86,2
63,100,8
34,93,2
53,90,8
49,79,5
36,87,2
30,73,11
28,81,9
49,67,8
20,90,5
38,100,1
40,85,10
38,95,7
29,70,3
63,96,2
26,74,2
39,74,9
37,65,7
58,81,1
23,73,7
53,96,5
49,94,2
50,90,6
64,88,6
45,94,12
35,67,2
28,100,7
43,92,4
66,91,9
27,98,6
50,70,11
52,72,8
65,87,8
22,67,5
20,100,12
51,82,7
44,86,8
64,87,3
28,98,5
46,80,10
44,74,12
61,80,1
62,83,8
66,71,9
49,88,7
65,80,8
58,88,2
47,94,12
57,95,8
44,78,2
50,73,9
44,75,3
61,76,2
63,98,10
22,77,7
45,85,7
55,70,2
32,90,7
56,99,7
24,94,11
31,77,11
49,93,12
37,76,8
36,74,1
68,70,8
52,86,10
55,65,3
25,65,6
40,75,1
64,76,1
32,98,9
32,87,2
46,96,10
44,79,10
38,99,12
27,79,1
68,86,6
44,75,6
64,82,8
47,86,2
48,82,10
43,86,12
60,90,7
23,84,4
61,100,2
24,75,2
43,81,9
21,72,1
56,69,6
41,91,12
62,90,11
20,97,4
69,89,1
20,70,9
61,83,3
27,92,11
59,98,6
69,72,3
35,94,7
44,84,8
43,87,6
36,70,9
32,91,1
20,71,6
48,89,11
60,84,7
26,88,12
62,92,7
63,89,3
60,78,9
48,93,4
37,70,5
38,68,3
22,72,9
50,95,5
69,80,11
27,75,4
46,89,7
59,81,7
25,97,1
28,72,5
59,79,2
63,92,8
44,82,12
50,92,10
35,91,6
31,100,4
48,87,3
29,68,6
22,73,4
39,68,10
52,79,4
35,69,12
25,75,8
66,81,5
40,76,4
33,76,9
47,91,1
48,81,7
31,93,7
57,76,1
25,96,5
31,76,8
52,82,6
22,98,1
31,98,6
36,92,4
37,74,7
36,98,7
20,73,10
69,99,8
61,69,7
41,75,9
53,67,8
70,91,10
23,66,6
28,94,3
49,78,6
61,69,3
37,94,12
69,77,2
22,99,1
58,92,3
64,96,9
65,78,12
35,87,11
59,75,11
37,88,2
29,87,1
67,86,9
57,94,9
51,75,9
31,97,8
52,73,12
32,96,3
26,77,9
52,68,10
37,84,9
30,94,5
56,91,3
23,65,11
23,74,8
60,100,3
29,89,12
52,86,9
26,66,2
42,79,11
28,86,12
48,99,11
69,71,8
45,78,2
68,83,4
28,88,5
43,82,5
47,96,11
45,72,8
57,79,11
63,71,1
35,87,10
51,80,7
61,95,1
60,98,6
45,82,1
28,95,12
28,74,5
38,81,9
61,71,5
55,69,3
31,70,2
65,74,11
44,72,9
34,79,12
69,65,4
28,80,12
61,80,10
66,88,1
69,100,10
33,66,2
41,94,6
20,84,11
30,72,12
35,94,5
60,66,6
65,71,3
26,79,6
40,85,3
63,92,8
51,86,7
53,100,8
37,83,12
28,65,2
27,86,10
26,100,6
47,96,1
58,67,7
58,89,5
54,90,7
67,86,2
37,86,7
37,65,11
44,83,8
31,86,6
37,71,4
59,94,7
55,91,5
63,89,6
67,98,2
49,74,5
32,66,7
41,74,8
28,71,1
27,85,1
48,70,5
40,83,9
63,89,7
48,85,11
69,65,12
23,92,11
63,75,1
64,75,8
21,82,2
63,88,11
48,75,9
34,68,1
27,99,9
22,91,2
67,92,6
54,65,9
42,80,11
20,67,7
44,93,11
54,69,8
53,68,7
28,72,11
58,84,4
22,85,1
25,98,8
49,79,2
64,93,5
40,67,6
59,91,4
35,72,12
50,78,3
52,77,1
33,91,4
47,86,4
60,87,8
45,85,4
60,98,5
20,83,10
40,71,11
57,84,12
57,73,3
23,85,3
47,89,1
32,77,6
25,93,11
46,78,2
20,97,9
65,96,4
67,68,1
59,79,7
51,80,5
54,74,10
70,75,8
41,82,2
56,85,5
54,84,8
43,90,9
53,88,12
48,80,1
41,81,12
34,96,5
32,93,8
62,95,2
31,91,8
53,67,9
53,70,7
36,91,5
30,92,5
32,74,9
53,93,11
64,67,10
41,76,5
22,77,6
31,81,6
41,82,11
64,68,10
51,88,3
35,70,4
38,87,8
64,78,2
40,68,6
56,93,2
67,96,10
31,90,4
50,94,6
35,94,2
68,100,8
49,97,11
56,84,11
59,70,11
22,99,10
54,65,11
69,99,2
22,95,6
63,71,3
33,92,12
65,98,4
27,75,10
69,73,11
57,65,4
46,70,11
45,85,5
29,67,6
53,100,11
26,92,11
64,80,4
21,93,10
22,89,9
21,95,9
40,78,5
51,100,5
68,65,8
64,88,4
43,85,6
47,75,2
29,93,8
54,68,5
25,88,1
51,77,6
44,68,11
70,81,4
49,86,5
70,93,3
46,68,8
49,76,2
70,77,8
66,95,3
29,82,10
26,67,11
37,85,2
64,81,11
45,90,3
40,67,4
20,71,8
38,90,1
60,94,10
27,72,6
64,77,4
58,97,8
25,82,6
62,96,10
21,100,8
58,94,7
66,92,4
48,69,9
26,65,3
44,98,11
69,80,1
38,78,4
33,92,2
55,89,3
44,73,5
67,100,3
42,65,9
67,95,5
67,71,12
55,99,12
64,76,1
51,94,2
49,92,7
20,92,12
30,73,7
53,86,6
67,69,9
61,76,2
51,75,12
22,77,11
25,95,12
39,68,2
31,95,1
20,74,9
57,72,7
25,91,4
24,69,7
24,68,7
62,85,7
65,91,6
44,96,11
60,88,9
25,77,12
64,93,3
59,70,12
57,91,12
42,94,4
65,92,4
43,73,1
69,66,6
50,66,12
65,80,10
56,87,10
43,66,9
56,91,4
65,92,9
56,97,6
44,88,3
65,90,5
25,79,4
24,81,2
41,77,3
32,68,7
20,69,11
46,98,12
48,98,9
66,93,1
61,88,1
36,78,11
54,94,4
28,88,3
53,72,3
47,95,1
22,72,8
21,69,12
68,87,1
67,82,5
29,100,3
45,82,6
44,73,8
34,98,2
61,98,10
48,75,10
45,89,10
31,96,12
33,77,1
40,99,6
38,85,4
44,94,8
59,78,5
46,74,8
35,91,12
34,91,8
23,69,1
63,72,6
29,89,8
48,85,8
47,83,12
63,72,9
21,98,3
48,82,7
44,78,2
25,83,6
29,70,5
23,86,1
26,87,2
39,77,4
42,90,11
33,68,6
27,76,9
21,84,11
67,84,4
41,86,1
38,68,11
38,72,8
43,77,10
25,72,5
35,91,11
46,92,9
60,100,3
62,89,9
56,97,10
57,72,8
70,75,9
35,77,2
58,80,1
34,68,2
40,66,3
36,98,12
47,79,2
55,98,7
28,65,7
64,70,6
50,99,1
35,84,8
59,65,1
39,90,7
41,87,10
21,98,9
62,81,2
25,72,9
37,79,1
40,72,1
45,96,3
63,76,9
41,66,11
37,80,12
64,84,12
26,77,10
37,80,11
21,78,3
21,67,5
59,78,2
54,66,12
32,87,1
25,96,6
59,88,10
64,76,7
49,65,8
45,93,11
65,66,8
20,96,9
49,91,5
33,95,12
51,95,6
52,88,5
39,92,2
43,81,5
60,95,2
64,91,8
49,92,10
28,100,7
48,72,7
56,80,12
59,76,6
30,73,4
26,77,11
31,85,12
57,81,8
48,86,5
44,75,6
22,90,6
54,83,3
42,80,11
55,90,8
35,71,3
37,85,12
33,94,9
65,78,5
37,69,11
37,75,6
39,91,11
47,95,7
45,71,10
62,72,6
39,89,6
54,98,10
28,94,1
45,70,7
67,99,8
49,69,5
59,68,8
49,98,12
44,85,3
44,71,4
32,69,5
32,74,11
59,100,4
56,97,10
49,85,12
59,79,1
49,76,11
45,70,3
56,94,7
37,66,9
35,86,7
61,68,1
38,73,5
61,76,11
31,68,3
39,69,2
45,70,5
39,87,7
20,97,6
21,78,8
60,73,4
21,72,11
26,96,1
63,86,8
31,70,7
58,77,9
42,68,8
55,72,1
47,99,2
68,76,6
41,86,6
59,70,9
25,90,2
66,95,5
20,94,4
38,93,12
36,85,1
62,79,11
69,69,11
53,68,2
63,69,12
28,100,1
31,72,9
31,70,9
35,81,10
67,100,4
43,98,6
48,89,10
22,90,3
33,93,2
47,74,3
58,68,9
20,98,6
68,93,6
21,66,1
69,80,5
69,85,9
39,71,8
25,70,5
35,96,4
43,69,3
32,97,4
31,65,7
57,86,12
22,74,4
61,80,3
49,99,5
42,96,10
59,82,10
25,87,4
69,81,10
58,83,7
31,97,4
21,86,11
39,86,8
34,96,9
66,72,3
31,80,3
66,99,6
65,68,10
54,69,6
43,88,10
31,94,10
31,77,5
48,85,5
66,86,11
52,77,9
25,74,10
61,87,7
62,98,11
27,94,8
63,65,7
41,78,2
58,70,3
54,70,10
20,72,3
43,96,7
40,78,11
70,95,3
62,78,9
47,99,4
20,76,4
38,76,4
27,94,4
41,66,9
45,96,5
65,93,9
50,96,1
26,92,10
45,80,9
21,83,5
33,66,10
42,74,11
52,82,3
52,95,6
67,99,3
27,90,7
46,68,3
46,87,5
50,75,1
39,100,10
21,95,8
50,80,10
38,70,8
22,82,6
24,78,4
62,95,1
25,82,6
58,96,4
20,79,7
64,83,10
26,76,12
65,93,5
38,87,8
43,85,10
63,96,8
38,93,7
28,75,5
58,89,7
22,95,6
66,80,3
28,66,8
50,99,9
64,79,11
69,68,1
59,96,10
68,87,6
40,93,8
55,87,10
48,68,5
52,89,12
43,95,12
51,74,4
44,93,2
23,97,5
59,91,11
64,69,11
28,67,2
28,75,11
35,88,3
59,68,1
61,72,8
61,95,3
62,87,11
43,95,5
30,99,12
48,88,6
34,76,11
28,74,7
28,68,6
34,87,9
24,94,11
51,71,8
42,87,8
65,86,2
59,68,5
47,65,2
23,93,6
43,80,7
25,82,11
70,78,3
67,87,10
22,90,4
61,83,8
67,100,3
26,86,11
27,86,2
32,94,3
33,75,12
50,70,3
61,96,5
36,71,8
29,89,12
48,67,5
23,68,6
20,81,10
51,95,1
61,70,3
44,81,3
35,87,1
33,98,2
63,69,3
28,75,3
36,93,5
42,98,7
39,94,8
22,83,2
59,99,11
31,93,8
25,86,10
54,67,11
24,73,8
23,67,4
56,74,3
66,93,1
27,77,2
31,89,12
64,67,7
35,94,8
25,98,8
55,71,5
42,77,6
47,68,1
34,73,6
48,100,10
47,94,4
26,99,7
25,98,3
51,67,6
67,74,9
63,94,8
52,66,8
57,89,2
25,72,4
20,84,12
40,86,2
62,87,10
20,98,5
48,77,7
50,72,9
45,88,3
45,67,1
58,93,9
23,86,6
46,78,7
66,76,9
59,81,4
43,70,5
57,92,12
61,87,6
57,91,7
64,91,7
51,82,1
64,89,12
62,85,2
29,81,5
57,96,9
48,93,5
36,89,4
42,91,4
24,66,9
23,72,8
34,84,1
23,78,4
27,94,2
38,91,1
59,90,11
36,82,2
69,82,10
46,84,5
57,82,12
25,69,4
31,92,7
29,88,10
25,79,4
23,73,5
54,89,1
40,96,3
28,65,10
41,88,7
54,98,3
60,89,5
54,87,5
36,91,9
21,66,9
40,94,3
68,97,10
61,68,8
46,90,3
34,65,12
28,82,11
50,82,8
30,82,7
55,88,12
58,81,5
46,85,2
56,67,7
25,75,9
50,80,1
26,86,5
27,97,12
26,86,5
69,84,6
46,71,3
26,65,8
28,66,11
39,80,2
32,65,3
41,85,12
33,85,11
27,78,12
42,88,4
67,76,1
69,90,8
31,83,2
50,67,6
63,77,10
42,73,6
59,76,12
29,79,7
27,94,11
69,100,11
69,89,3
68,94,11
27,87,3
33,98,3
23,69,8
45,65,2
49,77,11
32,85,12
56,88,2
60,73,5
23,82,4
38,87,4
30,65,12
55,86,2
35,70,7
69,91,4
21,96,3
49,89,9
27,79,10
55,81,11
51,98,11
35,85,12
68,97,7
27,92,9
67,82,3
53,92,3
25,73,12
63,66,12
70,79,6
45,72,11
40,66,7
35,69,6
65,83,4
27,80,12
60,66,10
27,93,3
42,86,1
51,86,10
33,100,2
22,74,5
52,68,12
45,96,1
66,84,1
53,91,4
35,93,4
51,85,12
32,98,5
49,94,8
70,100,6
62,85,10
53,88,12
57,68,10
36,93,1
37,87,2
68,96,4
57,98,8
21,76,1
67,71,11
61,87,11
49,94,12
23,94,11
47,82,10
52,96,2
54,96,12
23,91,4
34,83,3
28,97,3
62,86,8
58,91,1
54,97,10
24,78,11
24,68,3
53,98,2
43,74,9
38,81,11
67,89,11
25,96,2
62,94,3
65,71,5
35,87,1
49,89,8
48,65,2
28,75,7
21,85,4
56,98,12
65,80,10
39,96,12
35,90,12
38,84,9
64,73,12
47,95,2
33,75,7
49,70,8
23,69,3
25,74,1
63,86,7
48,94,6
30,89,3
56,83,5
69,99,3
70,84,4
46,82,9
69,74,9
37,96,5
41,100,12
64,92,4
65,75,5
47,65,12
62,78,9
31,96,12
30,89,6
27,77,5
55,97,11
42,85,5
20,81,1
53,69,9
69,85,9
70,96,11
27,96,10
32,85,5
58,78,12
44,90,3
45,67,9
64,89,8
49,87,1
23,67,5
62,71,8
44,82,8
68,85,9
62,75,5
65,97,7
29,96,10
54,83,2
59,68,1
41,92,7
23,85,8
66,96,2
48,92,3
24,70,12
20,82,4
60,76,9
30,100,4
29,78,10
58,70,3
52,75,9
61,74,2
59,95,6
23,67,7
33,79,4
36,91,2
35,68,1
49,85,11
21,68,5
23,98,6
43,74,3
40,90,2
52,96,10
65,90,9
63,84,6
60,69,2
59,75,2
69,83,9
45,75,9
46,79,8
33,94,4
23,75,2
57,94,1
66,71,4
36,82,5
48,90,4
56,93,12
49,67,12
34,92,10
36,72,3
58,85,6
69,79,11
41,80,6
53,91,1
41,68,4
65,82,1
31,86,1
35,74,1
47,67,11
30,96,11
32,73,11
68,97,1
44,72,8
67,65,7
56,74,7
29,93,10
70,78,8
37,67,8
38,99,12
61,91,6
57,71,9
51,99,12
46,75,12
40,68,1
61,77,8
58,90,11
27,100,3
64,91,4
57,87,3
58,99,11
48,76,9
25,76,10
67,65,9
24,100,9
68,100,4
44,99,12
47,87,10
26,82,8
27,96,12
49,83,4
46,100,4
52,90,10
65,66,12
26,98,7
41,91,8
22,72,11
34,82,11
61,76,6
53,68,12
42,94,5
36,94,10
22,97,11
47,66,9
42,99,7
60,79,8
36,70,12
68,91,11
46,98,9
53,88,9
57,72,6
27,67,7
38,83,2
66,65,5
53,79,8
26,79,3
65,80,12
21,93,11
47,70,12
36,90,11
58,92,3
70,100,3
29,70,7
63,73,7
43,98,8
34,72,9
50,87,1
46,67,11
62,89,2
25,74,8
57,79,9
51,70,11
21,93,12
40,73,4
65,67,1
70,84,3
69,100,9
46,98,8
34,92,9
32,84,2
45,81,8
43,81,5
50,94,11
70,86,8
23,82,7
35,93,8
39,80,3
52,87,8
58,85,1
61,96,4
60,93,9
36,91,1
44,95,4
69,98,11
27,91,3
20,76,11
35,88,8
27,85,11
24,89,4
57,74,3
47,80,11
32,80,6
24,79,9
65,67,10
57,95,7
28,77,4
20,83,11
20,76,4
59,83,12
37,91,5
23,76,2
63,94,1
66,83,4
68,71,1
26,89,3
49,67,8
63,90,3
20,99,10
62,89,10
41,71,4
60,86,5
31,73,11
29,100,2
67,92,9
26,95,4
20,88,12
53,80,3
70,75,4
35,98,12
47,73,11
43,94,1
34,94,2
67,73,1
52,73,3
35,89,2
34,65,9
47,87,4
45,79,2
49,87,12
40,95,2
41,75,5
47,91,3
29,72,12
51,72,2
63,83,12
64,91,7
50,71,11
47,76,1
48,93,11
50,89,12
53,83,6
39,88,3
58,92,11
28,83,12
48,72,5
64,74,6
46,98,11
25,81,2
30,66,11
62,86,1
45,72,5
57,83,1
62,66,8
41,91,3
26,95,12
53,88,5
38,74,5
21,74,8
24,82,3
35,66,8
52,80,8
55,97,1
59,81,3
35,91,7
69,96,8
43,97,2
57,75,8
22,81,12
48,76,9
48,91,9
45,74,8
45,97,7
52,88,4
32,97,1
60,66,9
69,89,2
70,82,11
32,83,2
28,80,2
31,93,2
45,94,7
45,93,12
22,66,2
51,86,2
32,67,4
62,81,8
41,73,3
61,80,8
58,66,1
36,77,1
45,95,10
30,96,5
29,74,4
23,82,10
57,79,10
32,99,8
54,93,8
61,77,4
29,70,9
45,67,2
29,79,10
31,86,10
49,82,4
43,90,8
41,90,5
50,88,5
63,74,6
36,78,11
55,74,1
55,94,3
61,68,2
23,93,3
66,70,2
22,72,1
65,100,9
69,83,4
42,95,8
23,82,2
31,65,10
35,88,2
26,73,12
42,78,1
46,96,4
34,81,8
31,84,4
28,90,7
55,86,1
20,96,7
31,92,4
38,87,4
56,95,9
66,72,5
35,76,1
59,76,1
40,85,3
40,66,11
50,84,6
36,95,10
24,73,1
31,68,7
30,67,7
38,87,11
30,92,6
39,96,3
68,93,8
27,71,1
27,68,1
47,100,12
59,86,9
66,87,5
48,77,3
60,66,10
36,84,6
56,84,9
60,80,11
47,95,11
21,74,2
43,99,9
61,93,9
54,89,9
28,70,4
42,94,7
44,97,12
50,100,2
34,84,6
63,98,12
60,71,9
64,80,6
24,69,8
66,67,5
54,82,9
46,80,10
47,77,1
47,73,5
46,69,3
47,78,3
50,86,4
52,100,2
53,96,2
49,75,10
62,77,12
62,82,6
51,82,1
54,69,4
30,77,6
50,75,4
22,79,10
24,100,8
26,86,5
20,69,9
56,86,4
33,93,7
35,89,1
60,95,2
55,65,4
43,70,1
28,78,3
58,95,7
21,86,8
69,90,4
37,94,7
31,99,8
34,82,9
36,92,5
63,88,11
43,72,6
43,79,11
40,66,12
46,71,2
30,71,12
21,67,1
37,88,2
26,71,1
69,77,3
50,82,12
60,75,9
68,66,9
47,79,1
20,94,6
62,95,8
31,87,2
62,71,3
25,81,12
60,75,1
57,68,8
47,84,12
60,79,8
65,98,8
59,73,4
51,98,12
25,65,6
23,82,7
26,100,8
29,92,5
33,77,3
70,82,8
61,80,9
64,68,1
67,89,12
65,82,3
51,78,3
46,97,4
31,84,10
60,95,10
61,84,10
65,73,7
70,73,5
53,80,2
38,95,9
70,98,9
65,68,7
66,67,9
35,69,10
62,82,4
53,83,1
42,78,2
31,74,6
52,87,8
54,85,4
69,86,7
62,90,2
31,72,6
36,66,3
26,90,8
22,69,5
21,98,1
59,99,2
55,92,4
56,96,7
45,92,8
40,94,4
48,87,2
70,85,2
37,75,1
55,98,3
48,69,6
25,71,1
32,76,3
33,100,4
53,92,10
64,69,6
32,77,8
38,84,3
53,84,4
67,93,8
31,81,8
22,66,7
61,69,5
62,65,2
59,88,5
62,75,6
55,93,11
56,93,10
30,65,4
47,88,3
35,88,5
29,99,10
54,69,2
46,90,7
49,97,2
67,86,1
27,74,5
58,89,6
68,82,4
50,65,3
49,82,7
66,85,6
49,92,8
61,92,5
56,67,1
46,82,8
67,67,5
27,89,12
48,86,8
61,95,5
42,79,11
60,84,2
56,94,10
58,74,2
66,98,8
47,92,4
25,71,6
52,65,4
70,100,9
30,97,8
43,85,7
56,66,4
70,71,9
26,73,8
27,73,3
53,81,12
68,70,6
28,84,12
36,88,1
48,92,2
53,84,5
67,79,7
54,85,8
50,78,3
21,83,1
47,83,6
38,86,10
35,94,10
67,72,10
35,75,2
50,69,9
42,82,10
22,74,6
58,85,3
63,92,6
32,89,6
49,98,3
58,91,1
44,71,10
58,65,9
49,97,3
27,78,8
22,100,10
60,91,6
61,80,2
44,78,9
39,69,4
47,72,8
46,97,2
25,91,7
57,91,2
26,70,5
21,97,10
22,98,8
29,82,11
65,75,9
39,89,8
20,80,3
38,75,8
47,86,11
20,79,12
69,81,12
38,89,11
46,68,7
22,72,2
41,84,4
20,85,12
27,97,2
59,66,5
53,87,3
26,92,9
31,98,6
63,97,5
20,91,1
61,73,10
58,77,11
45,95,11
47,98,1
62,87,6
41,76,10
49,96,2
52,70,4
31,80,4
46,90,1
45,65,11
66,78,10
41,98,4
63,81,9
61,97,2
43,83,9
70,92,12
43,85,9
24,85,8
21,85,3
61,70,3
36,79,1
40,71,1
48,100,6
52,70,6
56,80,9
49,93,12
42,96,10
56,74,4
22,73,12
69,97,8
54,83,2
25,94,4
45,97,4
23,77,3
57,75,11
59,67,6
42,80,5
32,91,9
58,72,3
66,93,3
42,96,6
38,67,5
45,80,8
63,91,2
41,100,9
30,99,12
60,72,10
47,81,2
59,90,4
25,69,2
68,75,4
38,65,1
41,87,10
25,79,8
69,99,5
35,67,9
34,97,1
49,88,6
28,84,2
42,66,3
51,82,3
62,85,8
60,97,2
65,96,3
42,75,9
23,70,3
32,71,9
61,69,11
63,91,8
31,100,11
26,94,2
60,70,10
24,95,11
50,82,2
47,83,1
63,97,6
61,76,8
51,76,8
43,75,11
66,99,11
45,74,6
61,97,8
60,93,9
66,82,5
22,68,5
41,67,3
61,100,11
39,76,11
55,75,8
69,83,10
28,71,4
66,76,7
27,88,5
63,95,11
67,81,2
20,90,1
45,91,6
47,90,9
30,99,11
60,77,2
52,77,4
32,94,12
51,96,8
54,76,9
60,86,4
62,97,9
63,68,4
60,84,5
41,77,2
57,72,2
31,65,8
48,84,5
42,76,10
24,88,5
21,73,12
60,92,4
61,92,10
23,83,12
31,67,6
65,99,1
22,77,5
48,81,8
60,88,9
55,75,1
33,67,8
49,67,12
30,88,7
39,89,6
50,91,6
63,69,9
21,94,10
25,79,5
53,72,12
38,84,12
53,99,2
65,88,8
34,66,6
30,73,5
58,67,1
63,70,9
56,95,8
30,76,1
20,94,4
50,68,6
59,81,2
20,71,7
49,74,10
64,71,7
70,69,8
62,77,7
27,83,2
25,98,1
27,96,2
53,82,1
50,81,9
66,97,11
46,98,4
28,71,11
35,78,11
62,70,12
35,70,11
63,95,1
41,100,2
44,95,12
23,73,12
66,70,9
62,95,1
22,76,8
53,82,5
45,97,4
60,88,6
64,84,4
61,80,4
29,79,12
48,91,4
61,71,8
53,78,1
24,71,10
58,73,10
25,80,5
46,92,2
41,94,9
38,83,4
31,82,5
45,83,7
39,94,10
56,68,10
67,98,2
35,91,2
41,84,4
53,78,10
67,97,10
38,90,10
23,84,3
22,81,2
57,69,6
55,88,4
67,92,4
32,87,11
40,86,4
50,67,4
34,83,5
34,78,6
43,98,12
29,81,7
20,71,2
39,77,12
23,80,11
25,89,7
36,91,10
56,79,9
43,98,3
55,73,10
66,65,7
67,69,3
65,71,3
64,75,11
68,100,3
22,72,1
53,77,8
27,82,2
67,83,5
44,99,7
25,66,8
68,76,9
21,88,7
68,94,3
40,100,12
68,91,8
56,81,12
56,65,3
41,86,11
40,73,10
39,99,8
26,76,4
68,87,2
35,69,11
29,79,8
25,89,4
62,89,4
26,81,3
63,69,9
41,81,10
64,96,6
51,78,7
60,100,11
68,79,5
67,98,10
20,68,11
33,70,7
53,75,12
57,82,8
30,80,2
37,89,7
20,76,2
68,78,5
29,87,3
38,95,4
42,75,8
66,82,1
54,87,4
26,68,7
46,87,6
39,65,1
26,93,2
38,93,3
23,93,11
62,96,1
58,76,6
34,80,6
70,79,2
47,93,9
49,70,12
41,73,4
36,87,9
20,96,3
46,79,8
36,71,1
36,78,10
57,67,2
26,99,5
51,92,4
21,96,2
20,92,5
41,87,3
40,90,6
61,72,2
54,96,9
37,78,7
66,100,10
57,98,2
35,94,5
34,72,10
42,95,10
67,92,10
36,70,9
42,96,2
61,93,8
39,91,11
47,95,7
48,83,5
47,92,10
46,68,7
51,84,5
54,65,12
46,88,12
21,85,3
40,97,1
24,68,9
54,67,9
30,79,2
51,88,11
67,93,7
44,91,1
24,66,7
37,74,4
60,69,4
56,73,3
21,81,6
45,86,10
47,92,7
33,91,11
29,99,9
70,78,5
50,100,10
30,96,2
68,85,4
44,77,9
60,89,10
34,74,2
55,80,2
23,74,5
29,83,5
50,68,1
61,75,5
32,90,6
31,96,6
59,66,6
27,75,10
45,98,4
38,96,4
43,90,4
28,69,5
44,79,5
53,73,5
39,99,3
57,79,10
49,88,2
